"","MouseID","Class","DPI","Hemisphere","ID","X","Y"
"1","M33","Positive","5D","Ipsi",103,729.87,128.42
"2","M33","Positive","5D","Ipsi",732,1907.6,52.2
"3","M33","Positive","5D","Ipsi",890,2153.9,510.1
"4","M33","Positive","5D","Ipsi",829,1967,261.35
"5","M33","Positive","5D","Ipsi",1179,3123.4,289.5
"6","M33","Positive","5D","Ipsi",873,2099.2,400.68
"7","M33","Positive","5D","Ipsi",983,3002.2,72.56
"8","M33","Positive","5D","Ipsi",156,612.53,194.15
"9","M33","Positive","5D","Ipsi",362,686.11,418.56
"10","M33","Positive","5D","Ipsi",818,2057.8,220.95
"11","M33","Positive","5D","Ipsi",106,593.42,129.69
"12","M33","Positive","5D","Ipsi",327,639.62,377.22
"13","M33","Positive","5D","Ipsi",464,287.54,530.51
"14","M33","Positive","5D","Ipsi",707,832.42,592.84
"15","M33","Positive","5D","Ipsi",797,1997.4,162.93
"16","M33","Positive","5D","Ipsi",1188,2785.5,295.6
"17","M33","Positive","5D","Ipsi",776,1760.4,125.6
"18","M33","Positive","5D","Ipsi",1393,3018.5,563.95
"19","M33","Positive","5D","Ipsi",1011,2684.7,99.6
"20","M33","Positive","5D","Ipsi",9,681,15.92
"21","M33","Positive","5D","Ipsi",162,112.07,200.28
"22","M33","Positive","5D","Ipsi",135,698.75,175.48
"23","M33","Positive","5D","Ipsi",57,566.2,84.86
"24","M33","Positive","5D","Ipsi",519,565.46,570.32
"25","M33","Positive","5D","Ipsi",826,2102.9,240.64
"26","M33","Positive","5D","Ipsi",663,799.99,385.99
"27","M33","Positive","5D","Ipsi",781,1857.8,142.87
"28","M33","Positive","5D","Ipsi",926,2199.4,609
"29","M33","Positive","5D","Ipsi",859,2125.2,326.37
"30","M33","Positive","5D","Ipsi",110,541.65,127.42
"31","M33","Positive","5D","Ipsi",36,547.43,50.81
"32","M33","Positive","5D","Ipsi",874,2191,383.34
"33","M33","Positive","5D","Ipsi",932,2242.7,624.81
"34","M33","Positive","5D","Ipsi",901,2118.6,502.56
"35","M33","Positive","5D","Ipsi",74,765.02,90.47
"36","M33","Positive","5D","Ipsi",761,1677.1,79.64
"37","M33","Positive","5D","Ipsi",1372,2555.7,540.33
"38","M33","Positive","5D","Ipsi",917,2088.3,583.94
"39","M33","Positive","5D","Ipsi",120,152.59,144.08
"40","M33","Positive","5D","Ipsi",746,1775.7,51.03
"41","M33","Positive","5D","Ipsi",1370,2369.2,550.47
"42","M33","Positive","5D","Ipsi",855,2007.4,309.65
"43","M33","Positive","5D","Ipsi",143,767.27,176.6
"44","M33","Positive","5D","Ipsi",786,1784.6,141.04
"45","M33","Positive","5D","Ipsi",584,433.87,640.61
"46","M33","Positive","5D","Ipsi",245,654.68,283.5
"47","M33","Positive","5D","Ipsi",835,2088.1,274.15
"48","M33","Positive","5D","Ipsi",177,770.09,197.06
"49","M33","Positive","5D","Ipsi",953,2932.9,27.2
"50","M33","Positive","5D","Ipsi",212,707.02,242.86
"51","M33","Positive","5D","Ipsi",294,669.3,341.37
"52","M33","Positive","5D","Ipsi",995,2831.4,79.97
"53","M33","Positive","5D","Ipsi",33,15.1,46.64
"54","M33","Positive","5D","Ipsi",866,2057.2,344.95
"55","M33","Positive","5D","Ipsi",246,795.39,294.57
"56","M33","Positive","5D","Ipsi",603,678.06,652.83
"57","M33","Positive","5D","Ipsi",1395,2521.7,581.06
"58","M33","Positive","5D","Ipsi",717,787.1,618.47
"59","M33","Positive","5D","Ipsi",806,1874.4,174.6
"60","M33","Positive","5D","Ipsi",581,383.13,639.65
"61","M33","Positive","5D","Ipsi",882,2210.9,435.51
"62","M33","Positive","5D","Ipsi",543,263.27,604.88
"63","M33","Positive","5D","Ipsi",108,453.04,126.6
"64","M33","Positive","5D","Ipsi",946,3107.2,18.7
"65","M33","Positive","5D","Ipsi",854,2151.7,307.76
"66","M33","Positive","5D","Ipsi",1107,3011.6,175.95
"67","M33","Positive","5D","Ipsi",343,752.87,381.02
"68","M33","Positive","5D","Ipsi",767,1801,87.52
"69","M33","Positive","5D","Ipsi",195,652.5,221.42
"70","M33","Positive","5D","Ipsi",322,390.85,355.46
"71","M33","Positive","5D","Ipsi",576,189.13,633.92
"72","M33","Positive","5D","Ipsi",532,439.24,589.59
"73","M33","Positive","5D","Ipsi",1290,3074.5,426.72
"74","M33","Positive","5D","Ipsi",929,2265.4,595.41
"75","M33","Positive","5D","Ipsi",753,1938.9,55.68
"76","M33","Positive","5D","Ipsi",1112,2587.3,180.27
"77","M33","Positive","5D","Ipsi",118,282.95,131.29
"78","M33","Positive","5D","Ipsi",307,771.66,340.52
"79","M33","Positive","5D","Ipsi",809,2027.5,181.48
"80","M33","Positive","5D","Ipsi",1118,2920.3,199.5
"81","M33","Positive","5D","Ipsi",912,2274.4,562.38
"82","M33","Positive","5D","Ipsi",1431,2568.3,613.37
"83","M33","Positive","5D","Ipsi",256,619.3,297.92
"84","M33","Positive","5D","Ipsi",634,787.19,145.56
"85","M33","Positive","5D","Ipsi",756,1739.7,68.93
"86","M33","Positive","5D","Ipsi",690,828.18,498.5
"87","M33","Positive","5D","Ipsi",142,185.35,168.36
"88","M33","Positive","5D","Ipsi",1254,2836.7,369.67
"89","M33","Positive","5D","Ipsi",541,487.57,591.94
"90","M33","Positive","5D","Ipsi",1154,2939.8,230.19
"91","M33","Positive","5D","Ipsi",469,590,528.02
"92","M33","Positive","5D","Ipsi",564,342.41,622.57
"93","M33","Positive","5D","Ipsi",672,829.17,437.56
"94","M33","Positive","5D","Ipsi",1335,2920.3,478.88
"95","M33","Positive","5D","Ipsi",94,511.76,102.87
"96","M33","Positive","5D","Ipsi",426,418.3,480.92
"97","M33","Positive","5D","Ipsi",395,26.06,431.97
"98","M33","Positive","5D","Ipsi",420,678.46,472.18
"99","M33","Positive","5D","Ipsi",899,2236.1,510.1
"100","M33","Positive","5D","Ipsi",1134,2825.5,211.09
"101","M33","Positive","5D","Ipsi",79,702.19,92.5
"102","M33","Positive","5D","Ipsi",2,74.4,6.538
"103","M33","Positive","5D","Ipsi",1279,2934.3,408.86
"104","M33","Positive","5D","Ipsi",908,2317.9,541.68
"105","M33","Positive","5D","Ipsi",394,773.65,428.24
"106","M33","Positive","5D","Ipsi",299,733.68,327.22
"107","M33","Positive","5D","Ipsi",841,2133.5,284.49
"108","M33","Positive","5D","Ipsi",1193,2973.5,304.09
"109","M33","Positive","5D","Ipsi",3,180.74,14.97
"110","M33","Positive","5D","Ipsi",1163,3020.2,257.86
"111","M33","Positive","5D","Ipsi",1257,2937.7,374.52
"112","M33","Positive","5D","Ipsi",648,817.7,281.26
"113","M33","Positive","5D","Ipsi",896,2043.1,479.39
"114","M33","Positive","5D","Ipsi",572,659.09,623.18
"115","M33","Positive","5D","Ipsi",258,451.86,293.71
"116","M33","Positive","5D","Ipsi",197,9.451,227.27
"117","M33","Positive","5D","Ipsi",333,23.44,374.4
"118","M33","Positive","5D","Ipsi",1195,2888,302.39
"119","M33","Positive","5D","Ipsi",201,315.47,230.42
"120","M33","Positive","5D","Ipsi",235,506.09,269.62
"121","M33","Positive","5D","Ipsi",575,581.88,628.61
"122","M33","Positive","5D","Ipsi",960,3011.6,26.47
"123","M33","Positive","5D","Ipsi",1140,3060.7,216.78
"124","M33","Positive","5D","Ipsi",1194,3099.2,299.3
"125","M33","Positive","5D","Ipsi",367,12.32,404.87
"126","M33","Positive","5D","Ipsi",875,2219.3,381.74
"127","M33","Positive","5D","Ipsi",1320,2904.7,461.73
"128","M33","Positive","5D","Ipsi",670,873.81,425.78
"129","M33","Positive","5D","Ipsi",685,879.36,479.45
"130","M33","Positive","5D","Ipsi",791,1978.3,140.06
"131","M33","Positive","5D","Ipsi",37,96.41,49.03
"132","M33","Positive","5D","Ipsi",838,1925.7,274.59
"133","M33","Positive","5D","Ipsi",218,277.16,253.86
"134","M33","Positive","5D","Ipsi",1121,2812.2,186.74
"135","M33","Positive","5D","Ipsi",405,100.44,446.26
"136","M33","Positive","5D","Ipsi",99,43.72,105.02
"137","M33","Positive","5D","Ipsi",1204,2837.4,308.76
"138","M33","Positive","5D","Ipsi",996,2522.4,74.09
"139","M33","Positive","5D","Ipsi",937,2311.1,654.51
"140","M33","Positive","5D","Ipsi",674,1208.7,449.18
"141","M33","Positive","5D","Ipsi",905,2095,526.76
"142","M33","Positive","5D","Ipsi",1168,2883.4,267.52
"143","M33","Positive","5D","Ipsi",779,2114.3,126.02
"144","M33","Positive","5D","Ipsi",115,68.95,127.9
"145","M33","Positive","5D","Ipsi",187,79.82,209.5
"146","M33","Positive","5D","Ipsi",1141,3007.8,210.46
"147","M33","Positive","5D","Ipsi",316,196.91,343.72
"148","M33","Positive","5D","Ipsi",1119,3039.8,182.85
"149","M33","Positive","5D","Ipsi",545,364.72,594.47
"150","M33","Positive","5D","Ipsi",490,648.99,545.76
"151","M33","Positive","5D","Ipsi",433,15.52,473.04
"152","M33","Positive","5D","Ipsi",499,232.61,548.33
"153","M33","Positive","5D","Ipsi",880,2264.3,406.79
"154","M33","Positive","5D","Ipsi",596,11.14,649.54
"155","M33","Positive","5D","Ipsi",416,757.38,451.63
"156","M33","Positive","5D","Ipsi",81,723.05,90.36
"157","M33","Positive","5D","Ipsi",340,282.08,384.68
"158","M33","Positive","5D","Ipsi",15,754.71,21.12
"159","M33","Positive","5D","Ipsi",10,726.02,13.87
"160","M33","Positive","5D","Ipsi",28,218.74,36.16
"161","M33","Positive","5D","Ipsi",230,64.67,265.05
"162","M33","Positive","5D","Ipsi",323,307.16,363.67
"163","M33","Positive","5D","Ipsi",1272,3072.6,392.88
"164","M33","Positive","5D","Ipsi",213,757.3,246.11
"165","M33","Positive","5D","Ipsi",12,595.82,10.37
"166","M33","Positive","5D","Ipsi",105,420.1,113.08
"167","M33","Positive","5D","Ipsi",396,559.13,434.45
"168","M33","Positive","5D","Ipsi",515,682.33,569.92
"169","M33","Positive","5D","Ipsi",1339,3017,479.29
"170","M33","Positive","5D","Ipsi",489,558.23,543.54
"171","M33","Positive","5D","Ipsi",503,174.68,552.1
"172","M33","Positive","5D","Ipsi",1027,2993.3,97.13
"173","M33","Positive","5D","Ipsi",1051,2962.9,123.41
"174","M33","Positive","5D","Ipsi",1245,2961.6,356.08
"175","M33","Positive","5D","Ipsi",867,2153.6,344.37
"176","M33","Positive","5D","Ipsi",1171,2861,266.48
"177","M33","Positive","5D","Ipsi",994,2966.8,64.91
"178","M33","Positive","5D","Ipsi",198,496.6,224.04
"179","M33","Positive","5D","Ipsi",26,83.78,31.64
"180","M33","Positive","5D","Ipsi",1095,2817.9,159.51
"181","M33","Positive","5D","Ipsi",828,1911.6,241.77
"182","M33","Positive","5D","Ipsi",1152,2889.7,234.73
"183","M33","Positive","5D","Ipsi",1117,2899,185.55
"184","M33","Positive","5D","Ipsi",939,2140.6,653.56
"185","M33","Positive","5D","Ipsi",1033,3085.9,98.42
"186","M33","Positive","5D","Ipsi",667,819.22,410.28
"187","M33","Positive","5D","Ipsi",349,461.16,387.75
"188","M33","Positive","5D","Ipsi",1452,2786.6,630.68
"189","M33","Positive","5D","Ipsi",267,151.38,298.5
"190","M33","Positive","5D","Ipsi",930,1994.7,602.95
"191","M33","Positive","5D","Ipsi",160,328.71,183.27
"192","M33","Positive","5D","Ipsi",130,507.24,150.73
"193","M33","Positive","5D","Ipsi",1439,2689.6,620.83
"194","M33","Positive","5D","Ipsi",475,416.8,531.34
"195","M33","Positive","5D","Ipsi",1125,2523.9,192.27
"196","M33","Positive","5D","Ipsi",1333,3074.8,467.3
"197","M33","Positive","5D","Ipsi",858,2033.4,319.7
"198","M33","Positive","5D","Ipsi",1426,2342.9,610.35
"199","M33","Positive","5D","Ipsi",409,376.3,448.93
"200","M33","Positive","5D","Ipsi",439,167.21,485.48
"201","M33","Positive","5D","Ipsi",71,630.35,85.03
"202","M33","Positive","5D","Ipsi",474,659.89,527.92
"203","M33","Positive","5D","Ipsi",1244,2812.7,357.62
"204","M33","Positive","5D","Ipsi",1130,2506.9,196.46
"205","M33","Positive","5D","Ipsi",282,723.04,311.65
"206","M33","Positive","5D","Ipsi",1055,3119.6,127.5
"207","M33","Positive","5D","Ipsi",580,694.24,630.74
"208","M33","Positive","5D","Ipsi",443,65.58,492.53
"209","M33","Positive","5D","Ipsi",549,550.17,593.11
"210","M33","Positive","5D","Ipsi",642,812.92,217.7
"211","M33","Positive","5D","Ipsi",898,2245.8,489.56
"212","M33","Positive","5D","Ipsi",432,289.37,481.99
"213","M33","Positive","5D","Ipsi",1217,3062.2,325.84
"214","M33","Positive","5D","Ipsi",1123,2725.7,196.52
"215","M33","Negative","5D","Ipsi",792,1841.6,142.51
"216","M33","Positive","5D","Ipsi",813,2087.2,200.99
"217","M33","Positive","5D","Ipsi",1186,3033.7,286.26
"218","M33","Positive","5D","Ipsi",451,145.62,499.76
"219","M33","Positive","5D","Ipsi",1172,2954.4,267.96
"220","M33","Positive","5D","Ipsi",777,2022.1,119.13
"221","M33","Positive","5D","Ipsi",885,2086.6,435.4
"222","M33","Positive","5D","Ipsi",220,666.08,249.88
"223","M33","Positive","5D","Ipsi",379,721.72,406.07
"224","M33","Positive","5D","Ipsi",377,276.53,409.34
"225","M33","Positive","5D","Ipsi",1421,2606.4,589.67
"226","M33","Positive","5D","Ipsi",895,1913.2,477.57
"227","M33","Positive","5D","Ipsi",842,1972,283.65
"228","M33","Positive","5D","Ipsi",1409,2990.3,579.01
"229","M33","Positive","5D","Ipsi",84,6.442,96.06
"230","M33","Positive","5D","Ipsi",1161,2976.8,238.81
"231","M33","Positive","5D","Ipsi",226,27.49,255.67
"232","M33","Positive","5D","Ipsi",778,1967.7,116.1
"233","M33","Positive","5D","Ipsi",748,1754.7,43.59
"234","M33","Positive","5D","Ipsi",1329,3124.6,468.03
"235","M33","Positive","5D","Ipsi",283,454.12,319.69
"236","M33","Positive","5D","Ipsi",1427,2371.6,600.49
"237","M33","Positive","5D","Ipsi",47,115.83,64.21
"238","M33","Positive","5D","Ipsi",97,359.8,105.41
"239","M33","Positive","5D","Ipsi",774,1830.2,105.5
"240","M33","Positive","5D","Ipsi",1103,3079.7,162.36
"241","M33","Positive","5D","Ipsi",1151,2552,226.13
"242","M33","Positive","5D","Ipsi",546,10.7,596.03
"243","M33","Positive","5D","Ipsi",741,1749.7,19.67
"244","M33","Positive","5D","Ipsi",31,341.31,40.64
"245","M33","Positive","5D","Ipsi",70,241.34,78.61
"246","M33","Positive","5D","Ipsi",456,9.811,505.17
"247","M33","Positive","5D","Ipsi",1396,3088.8,558.16
"248","M33","Positive","5D","Ipsi",1085,2916.6,151.96
"249","M33","Positive","5D","Ipsi",30,415.59,38.81
"250","M33","Positive","5D","Ipsi",589,665.2,636.97
"251","M33","Positive","5D","Ipsi",972,3057.8,39.74
"252","M33","Positive","5D","Ipsi",181,514.16,201.15
"253","M33","Positive","5D","Ipsi",338,439.98,375.85
"254","M33","Positive","5D","Ipsi",1234,2986.6,350.11
"255","M33","Positive","5D","Ipsi",78,669.58,90.68
"256","M33","Positive","5D","Ipsi",20,613.71,22.94
"257","M33","Positive","5D","Ipsi",1228,3131.5,345.44
"258","M33","Positive","5D","Ipsi",40,285.19,49.31
"259","M33","Positive","5D","Ipsi",159,632.23,171.53
"260","M33","Positive","5D","Ipsi",312,229.41,344.44
"261","M33","Positive","5D","Ipsi",82,491.28,88.41
"262","M33","Positive","5D","Ipsi",1078,3066.4,137.99
"263","M33","Positive","5D","Ipsi",43,161.25,53.59
"264","M33","Positive","5D","Ipsi",1098,3043.3,156.1
"265","M33","Positive","5D","Ipsi",1160,2916.5,239.9
"266","M33","Positive","5D","Ipsi",59,734.32,75.38
"267","M33","Positive","5D","Ipsi",1326,3054.6,459.83
"268","M33","Positive","5D","Ipsi",295,18.58,327.85
"269","M33","Positive","5D","Ipsi",274,394.4,307.6
"270","M33","Positive","5D","Ipsi",482,248.66,530
"271","M33","Positive","5D","Ipsi",1402,2772.5,574.35
"272","M33","Positive","5D","Ipsi",860,2179.8,318.04
"273","M33","Positive","5D","Ipsi",1067,2810.2,135.22
"274","M33","Positive","5D","Ipsi",149,566.81,164.56
"275","M33","Positive","5D","Ipsi",1157,2866.8,232.97
"276","M33","Positive","5D","Ipsi",1249,3024.2,360.47
"277","M33","Positive","5D","Ipsi",1399,2493.1,565.52
"278","M33","Positive","5D","Ipsi",48,261.68,65.82
"279","M33","Positive","5D","Ipsi",1308,3024.8,440.99
"280","M33","Positive","5D","Ipsi",1266,2999,387.88
"281","M33","Positive","5D","Ipsi",172,64.71,188.69
"282","M33","Positive","5D","Ipsi",335,232,374.17
"283","M33","Positive","5D","Ipsi",494,431.9,545.14
"284","M33","Positive","5D","Ipsi",892,2106.2,468.65
"285","M33","Positive","5D","Ipsi",715,1319.1,609.91
"286","M33","Positive","5D","Ipsi",718,854.45,614.91
"287","M33","Positive","5D","Ipsi",1323,3006.6,455.16
"288","M33","Positive","5D","Ipsi",870,2171.4,365.36
"289","M33","Positive","5D","Ipsi",11,387.9,7.718
"290","M33","Positive","5D","Ipsi",498,153.53,548.47
"291","M33","Positive","5D","Ipsi",1349,3043.6,498.43
"292","M33","Positive","5D","Ipsi",688,879.68,491.37
"293","M33","Positive","5D","Ipsi",1425,3131.5,602.9
"294","M33","Positive","5D","Ipsi",790,2078.3,139.33
"295","M33","Positive","5D","Ipsi",850,2171.7,297.67
"296","M33","Positive","5D","Ipsi",531,703.87,583.15
"297","M33","Positive","5D","Ipsi",251,223.89,276.67
"298","M33","Positive","5D","Ipsi",321,283.15,351.68
"299","M33","Positive","5D","Ipsi",560,514.71,606.42
"300","M33","Positive","5D","Ipsi",662,773.3,367.81
"301","M33","Positive","5D","Ipsi",1075,2648.6,137.26
"302","M33","Positive","5D","Ipsi",455,499.82,500.12
"303","M33","Positive","5D","Ipsi",1138,2991.7,207.19
"304","M33","Positive","5D","Ipsi",1114,2984.3,178.58
"305","M33","Positive","5D","Ipsi",808,2099.1,171.86
"306","M33","Positive","5D","Ipsi",1265,2975.8,385.85
"307","M33","Positive","5D","Ipsi",535,403.95,586.56
"308","M33","Positive","5D","Ipsi",407,35.67,449.3
"309","M33","Positive","5D","Ipsi",783,2173.2,129.29
"310","M33","Positive","5D","Ipsi",192,244.69,210.25
"311","M33","Positive","5D","Ipsi",655,809.72,348.69
"312","M33","Positive","5D","Ipsi",203,94.18,222.38
"313","M33","Positive","5D","Ipsi",708,872.65,579.76
"314","M33","Positive","5D","Ipsi",1462,2519.7,651.42
"315","M33","Positive","5D","Ipsi",330,154.67,363.62
"316","M33","Positive","5D","Ipsi",154,554.37,172.49
"317","M33","Positive","5D","Ipsi",1287,2899.1,419.82
"318","M33","Positive","5D","Ipsi",799,2028,155.25
"319","M33","Positive","5D","Ipsi",1000,2908.4,68.98
"320","M33","Positive","5D","Ipsi",1470,2986.4,653.52
"321","M33","Positive","5D","Ipsi",1025,2450.3,96.3
"322","M33","Positive","5D","Ipsi",86,457.59,88.81
"323","M33","Positive","5D","Ipsi",651,837.02,303
"324","M33","Positive","5D","Ipsi",170,439.77,193.13
"325","M33","Positive","5D","Ipsi",810,2146.1,185.91
"326","M33","Positive","5D","Ipsi",936,2206.8,652.2
"327","M33","Positive","5D","Ipsi",365,107.46,401.17
"328","M33","Positive","5D","Ipsi",646,1457.4,273.52
"329","M33","Positive","5D","Ipsi",52,603.74,71.68
"330","M33","Positive","5D","Ipsi",1018,2962.5,85.95
"331","M33","Positive","5D","Ipsi",556,612.34,608.01
"332","M33","Positive","5D","Ipsi",1016,3108.9,87.94
"333","M33","Positive","5D","Ipsi",923,2194.8,576.88
"334","M33","Positive","5D","Ipsi",1139,2561.3,211.07
"335","M33","Positive","5D","Ipsi",1136,3097.8,201.43
"336","M33","Positive","5D","Ipsi",1022,3041.1,88.4
"337","M33","Positive","5D","Ipsi",683,809.83,477.42
"338","M33","Positive","5D","Ipsi",1394,3128.6,556.5
"339","M33","Positive","5D","Ipsi",207,403.47,233.42
"340","M33","Positive","5D","Ipsi",326,366.37,360.95
"341","M33","Positive","5D","Ipsi",271,206.53,301.7
"342","M33","Positive","5D","Ipsi",1418,2436.3,582.72
"343","M33","Positive","5D","Ipsi",647,1439.4,273.75
"344","M33","Positive","5D","Ipsi",199,272.47,222.36
"345","M33","Positive","5D","Ipsi",261,132.81,290
"346","M33","Positive","5D","Ipsi",725,856.71,653.49
"347","M33","Positive","5D","Ipsi",83,747.29,93.4
"348","M33","Positive","5D","Ipsi",1463,3102.8,642.22
"349","M33","Positive","5D","Ipsi",254,277.99,284.25
"350","M33","Positive","5D","Ipsi",693,818.59,521.14
"351","M33","Positive","5D","Ipsi",225,576.55,259.2
"352","M33","Positive","5D","Ipsi",952,2799.8,10.04
"353","M33","Positive","5D","Ipsi",46,235.86,59.61
"354","M33","Positive","5D","Ipsi",171,276.11,187.11
"355","M33","Positive","5D","Ipsi",493,35.4,541.73
"356","M33","Positive","5D","Ipsi",520,344.35,569.76
"357","M33","Positive","5D","Ipsi",184,371.39,209.7
"358","M33","Positive","5D","Ipsi",465,190.05,513.61
"359","M33","Positive","5D","Ipsi",387,658.14,417.82
"360","M33","Positive","5D","Ipsi",1388,2988.8,551.64
"361","M33","Positive","5D","Ipsi",148,526.39,161.91
"362","M33","Positive","5D","Ipsi",436,397.03,476.42
"363","M33","Positive","5D","Ipsi",351,261.18,390.79
"364","M33","Positive","5D","Ipsi",793,2196.8,138.46
"365","M33","Positive","5D","Ipsi",851,2111.9,296.2
"366","M33","Positive","5D","Ipsi",140,618.55,157.01
"367","M33","Positive","5D","Ipsi",308,140.91,339.52
"368","M33","Positive","5D","Ipsi",1374,2900.9,536.96
"369","M33","Positive","5D","Ipsi",1352,3054.6,512.53
"370","M33","Positive","5D","Ipsi",1449,3068.2,625.92
"371","M33","Positive","5D","Ipsi",1274,3092,394.96
"372","M33","Positive","5D","Ipsi",987,2618.3,58.75
"373","M33","Positive","5D","Ipsi",1086,3005.5,144.66
"374","M33","Positive","5D","Ipsi",1046,3106.3,113.05
"375","M33","Positive","5D","Ipsi",784,1991.7,127.01
"376","M33","Positive","5D","Ipsi",1311,3007.7,439.72
"377","M33","Positive","5D","Ipsi",659,807.5,364.27
"378","M33","Positive","5D","Ipsi",577,4.172,625.64
"379","M33","Positive","5D","Ipsi",1014,2889.7,81.54
"380","M33","Positive","5D","Ipsi",894,2219.4,477.38
"381","M33","Positive","5D","Ipsi",279,114.34,309.12
"382","M33","Positive","5D","Ipsi",16,419.92,18.3
"383","M33","Positive","5D","Ipsi",257,38.14,287.95
"384","M33","Positive","5D","Ipsi",359,556.81,392.19
"385","M33","Positive","5D","Ipsi",214,609.64,243.54
"386","M33","Positive","5D","Ipsi",1115,2744.1,181
"387","M33","Positive","5D","Ipsi",891,2228.5,472.84
"388","M33","Positive","5D","Ipsi",27,138.56,28.34
"389","M33","Positive","5D","Ipsi",1361,2565,517.41
"390","M33","Positive","5D","Ipsi",1292,2972.4,420.25
"391","M33","Positive","5D","Ipsi",1037,2747.1,101.72
"392","M33","Positive","5D","Ipsi",165,454.77,182.96
"393","M33","Positive","5D","Ipsi",1300,2817,426.36
"394","M33","Positive","5D","Ipsi",25,51.23,29.04
"395","M33","Negative","5D","Ipsi",1331,2476.8,467.59
"396","M33","Positive","5D","Ipsi",862,2003,325.86
"397","M33","Negative","5D","Ipsi",812,2335.4,187.98
"398","M33","Positive","5D","Ipsi",411,632.19,445.04
"399","M33","Positive","5D","Ipsi",927,2293.9,588.91
"400","M33","Positive","5D","Ipsi",1034,2617.8,102.9
"401","M33","Positive","5D","Ipsi",286,269.86,313.55
"402","M33","Positive","5D","Ipsi",668,851.38,416.02
"403","M33","Positive","5D","Ipsi",463,606.25,509.88
"404","M33","Positive","5D","Ipsi",123,217.31,139.19
"405","M33","Positive","5D","Ipsi",1212,3043.6,315.43
"406","M33","Positive","5D","Ipsi",492,78.4,541.7
"407","M33","Positive","5D","Ipsi",1002,2607.2,67.99
"408","M33","Positive","5D","Ipsi",533,603.27,587.82
"409","M33","Positive","5D","Ipsi",1211,2929.4,320.7
"410","M33","Positive","5D","Ipsi",594,135.98,641.11
"411","M33","Positive","5D","Ipsi",852,1986.5,294.98
"412","M33","Positive","5D","Ipsi",303,312.91,328.14
"413","M33","Positive","5D","Ipsi",1377,3046.3,535.15
"414","M33","Negative","5D","Ipsi",877,2242.9,386.12
"415","M33","Positive","5D","Ipsi",418,624.45,456.21
"416","M33","Positive","5D","Ipsi",29,518.95,29.27
"417","M33","Positive","5D","Ipsi",484,51.63,536.26
"418","M33","Positive","5D","Ipsi",879,2207.8,399.91
"419","M33","Positive","5D","Ipsi",495,674.19,543.1
"420","M33","Positive","5D","Ipsi",1109,3091,173.4
"421","M33","Positive","5D","Ipsi",1456,2979.7,636.84
"422","M33","Positive","5D","Ipsi",445,633.73,491.42
"423","M33","Positive","5D","Ipsi",752,1968.7,48.46
"424","M33","Positive","5D","Ipsi",500,312.5,542.7
"425","M33","Positive","5D","Ipsi",34,188.28,43.08
"426","M33","Positive","5D","Ipsi",1392,2969.7,557.17
"427","M33","Positive","5D","Ipsi",704,841.83,564.86
"428","M33","Positive","5D","Ipsi",22,30.65,25.04
"429","M33","Positive","5D","Ipsi",769,1984,93.78
"430","M33","Positive","5D","Ipsi",979,2694.6,53.56
"431","M33","Positive","5D","Ipsi",423,766.45,468.27
"432","M33","Positive","5D","Ipsi",610,501.89,656.08
"433","M33","Positive","5D","Ipsi",1169,2938.5,260.93
"434","M33","Positive","5D","Ipsi",317,564.43,341.64
"435","M33","Positive","5D","Ipsi",422,262.1,462.31
"436","M33","Positive","5D","Ipsi",630,929.33,95.66
"437","M33","Positive","5D","Ipsi",1036,2413.3,103.39
"438","M33","Negative","5D","Ipsi",637,1499.9,197.64
"439","M33","Positive","5D","Ipsi",567,563.79,614
"440","M33","Positive","5D","Ipsi",350,530.94,387.84
"441","M33","Positive","5D","Ipsi",973,2802.7,35.16
"442","M33","Positive","5D","Ipsi",1384,3025.9,542.03
"443","M33","Positive","5D","Ipsi",788,2026.6,135.36
"444","M33","Positive","5D","Ipsi",44,428.54,52.01
"445","M33","Positive","5D","Ipsi",133,38.24,147.52
"446","M33","Positive","5D","Ipsi",300,463.07,330.27
"447","M33","Positive","5D","Ipsi",598,683.3,644.2
"448","M33","Positive","5D","Ipsi",1461,3129,641.04
"449","M33","Positive","5D","Ipsi",1182,3030.8,270.53
"450","M33","Positive","5D","Ipsi",625,807.44,47.33
"451","M33","Positive","5D","Ipsi",460,37.39,505.98
"452","M33","Positive","5D","Ipsi",1039,3032.9,101.95
"453","M33","Positive","5D","Ipsi",305,354.25,335.56
"454","M33","Positive","5D","Ipsi",182,547.03,196.94
"455","M33","Positive","5D","Ipsi",191,212.61,210.46
"456","M33","Positive","5D","Ipsi",975,3100.7,43.82
"457","M33","Positive","5D","Ipsi",1343,2906.7,495.6
"458","M33","Positive","5D","Ipsi",608,169.43,656.04
"459","M33","Positive","5D","Ipsi",132,120.58,145.24
"460","M33","Positive","5D","Ipsi",403,142.87,442.12
"461","M33","Positive","5D","Ipsi",1216,2356.2,325.01
"462","M33","Positive","5D","Ipsi",155,463.52,170.58
"463","M33","Positive","5D","Ipsi",999,2788.2,69.05
"464","M33","Positive","5D","Ipsi",740,1702.1,14.18
"465","M33","Positive","5D","Ipsi",424,44.6,469.85
"466","M33","Positive","5D","Ipsi",1001,2945.4,67.96
"467","M33","Positive","5D","Ipsi",281,550.13,312.5
"468","M33","Positive","5D","Ipsi",1079,2607.4,136.57
"469","M33","Positive","5D","Ipsi",292,192.96,317.88
"470","M33","Positive","5D","Ipsi",1007,2747.7,80.24
"471","M33","Positive","5D","Ipsi",399,618.26,441.75
"472","M33","Positive","5D","Ipsi",516,76.71,563.36
"473","M33","Negative","5D","Ipsi",644,1430.6,230.2
"474","M33","Positive","5D","Ipsi",1458,3060.3,637.65
"475","M33","Positive","5D","Ipsi",334,243.11,369.86
"476","M33","Positive","5D","Ipsi",1473,3105.8,658.9
"477","M33","Positive","5D","Ipsi",1315,2472.1,447.51
"478","M33","Positive","5D","Ipsi",631,781.52,110.79
"479","M33","Positive","5D","Ipsi",931,2047.1,598.6
"480","M33","Positive","5D","Ipsi",164,249.06,177.48
"481","M33","Positive","5D","Ipsi",1289,2986.4,414.55
"482","M33","Positive","5D","Ipsi",1269,2796.5,385.25
"483","M33","Positive","5D","Ipsi",1052,2763.2,116.72
"484","M33","Positive","5D","Ipsi",91,645.72,94.61
"485","M33","Positive","5D","Ipsi",703,912.28,558.2
"486","M33","Positive","5D","Ipsi",884,2048.6,427.26
"487","M33","Positive","5D","Ipsi",1,44.32,6.992
"488","M33","Positive","5D","Ipsi",306,375.05,334.83
"489","M33","Positive","5D","Ipsi",938,2289.6,651.15
"490","M33","Negative","5D","Ipsi",678,1175.5,457.41
"491","M33","Positive","5D","Ipsi",1089,2629.7,147.88
"492","M33","Positive","5D","Ipsi",582,399.93,630.44
"493","M33","Positive","5D","Ipsi",276,315.46,310.01
"494","M33","Positive","5D","Ipsi",1373,3068.9,532.3
"495","M33","Positive","5D","Ipsi",1354,3110,507.12
"496","M33","Positive","5D","Ipsi",1423,2974.8,596.18
"497","M33","Positive","5D","Ipsi",1215,3127.4,322.07
"498","M33","Positive","5D","Ipsi",1455,3036.1,637.14
"499","M33","Positive","5D","Ipsi",1340,3092.4,479.29
"500","M33","Positive","5D","Ipsi",587,624.16,630.8
"501","M33","Positive","5D","Ipsi",139,482.18,153.68
"502","M33","Positive","5D","Ipsi",1041,2963.4,104.65
"503","M33","Positive","5D","Ipsi",116,627.84,119.1
"504","M33","Positive","5D","Ipsi",861,1969.9,326.51
"505","M33","Positive","5D","Ipsi",1434,2999.8,609.59
"506","M33","Positive","5D","Ipsi",1164,2940.4,244.36
"507","M33","Positive","5D","Ipsi",978,2918.9,47.11
"508","M33","Positive","5D","Ipsi",360,173.58,393.34
"509","M33","Positive","5D","Ipsi",1390,2955,552.71
"510","M33","Positive","5D","Ipsi",1167,3046.8,259.26
"511","M33","Positive","5D","Ipsi",1342,2873.9,487.59
"512","M33","Positive","5D","Ipsi",815,2224.4,192.1
"513","M33","Positive","5D","Ipsi",665,1075.1,391.58
"514","M33","Positive","5D","Ipsi",332,674.32,364.85
"515","M33","Positive","5D","Ipsi",728,870.98,655.48
"516","M33","Positive","5D","Ipsi",318,95.02,351.08
"517","M33","Positive","5D","Ipsi",739,1668.9,12.63
"518","M33","Positive","5D","Ipsi",301,508.37,329.83
"519","M33","Positive","5D","Ipsi",687,800,488.96
"520","M33","Positive","5D","Ipsi",486,397.24,538.44
"521","M33","Positive","5D","Ipsi",222,504.3,250.04
"522","M33","Positive","5D","Ipsi",976,3111.8,40.01
"523","M33","Positive","5D","Ipsi",128,538.53,146.08
"524","M33","Positive","5D","Ipsi",561,727.72,606.43
"525","M33","Positive","5D","Ipsi",641,783.46,213.47
"526","M33","Positive","5D","Ipsi",1088,2800,146.41
"527","M33","Positive","5D","Ipsi",1080,3031.9,139.83
"528","M33","Positive","5D","Ipsi",384,626.49,413
"529","M33","Positive","5D","Ipsi",617,416.06,661.14
"530","M33","Positive","5D","Ipsi",565,69.56,606.81
"531","M33","Positive","5D","Ipsi",1316,2837.1,450.87
"532","M33","Positive","5D","Ipsi",42,491.81,49.54
"533","M33","Positive","5D","Ipsi",356,627.22,387.95
"534","M33","Positive","5D","Ipsi",910,2162.8,545.15
"535","M33","Positive","5D","Ipsi",1381,3117.4,534.96
"536","M33","Positive","5D","Ipsi",656,860.1,350.32
"537","M33","Positive","5D","Ipsi",643,859.07,223.86
"538","M33","Positive","5D","Ipsi",266,189.4,294.16
"539","M33","Positive","5D","Ipsi",331,125.53,364.83
"540","M33","Positive","5D","Ipsi",980,2962.8,50.03
"541","M33","Positive","5D","Ipsi",613,297.85,659.11
"542","M33","Positive","5D","Ipsi",243,306.62,271.69
"543","M33","Positive","5D","Ipsi",881,2084.3,411.21
"544","M33","Positive","5D","Ipsi",1131,2961.8,195.46
"545","M33","Positive","5D","Ipsi",63,218.41,69.17
"546","M33","Positive","5D","Ipsi",1100,2777.9,157.43
"547","M33","Positive","5D","Ipsi",136,653.64,149.12
"548","M33","Positive","5D","Ipsi",304,562.14,330.74
"549","M33","Positive","5D","Ipsi",897,1971.5,486.54
"550","M33","Positive","5D","Ipsi",1092,3100.4,149.05
"551","M33","Positive","5D","Ipsi",400,286.36,433.68
"552","M33","Positive","5D","Ipsi",406,443.13,445.74
"553","M33","Positive","5D","Ipsi",1132,2740,195.93
"554","M33","Positive","5D","Ipsi",1306,2996.8,436.1
"555","M33","Positive","5D","Ipsi",85,130.46,90.04
"556","M33","Positive","5D","Ipsi",1297,2991.2,423.35
"557","M33","Positive","5D","Ipsi",122,653.28,134.12
"558","M33","Positive","5D","Ipsi",64,154.15,70.65
"559","M33","Positive","5D","Ipsi",58,519.29,67.7
"560","M33","Positive","5D","Ipsi",8,641.11,7.348
"561","M33","Positive","5D","Ipsi",69,442.24,78.66
"562","M33","Positive","5D","Ipsi",205,192.47,229.02
"563","M33","Positive","5D","Ipsi",518,9.862,565.9
"564","M33","Positive","5D","Ipsi",393,300.29,424.39
"565","M33","Positive","5D","Ipsi",512,605.33,555.66
"566","M33","Positive","5D","Ipsi",726,776.41,657.13
"567","M33","Positive","5D","Ipsi",1286,3109,408.54
"568","M33","Positive","5D","Ipsi",699,824.4,532.49
"569","M33","Positive","5D","Ipsi",95,109.51,95.53
"570","M33","Positive","5D","Ipsi",481,672.39,530.88
"571","M33","Positive","5D","Ipsi",1050,2709.6,114.58
"572","M33","Positive","5D","Ipsi",1147,2912.7,220.57
"573","M33","Positive","5D","Ipsi",60,333.49,70.3
"574","M33","Positive","5D","Ipsi",1281,2911.9,404.3
"575","M33","Positive","5D","Ipsi",601,743.16,646.26
"576","M33","Positive","5D","Ipsi",673,847.7,440.48
"577","M33","Positive","5D","Ipsi",1201,2411.2,302.95
"578","M33","Positive","5D","Ipsi",1318,2977.6,452.11
"579","M33","Positive","5D","Ipsi",868,1816.4,344.86
"580","M33","Positive","5D","Ipsi",217,334.38,241.98
"581","M33","Positive","5D","Ipsi",1336,3109.6,472.08
"582","M33","Positive","5D","Ipsi",1453,3050.3,628.87
"583","M33","Positive","5D","Ipsi",661,871.26,368.7
"584","M33","Positive","5D","Ipsi",506,663.34,553.44
"585","M33","Positive","5D","Ipsi",457,597.13,500.31
"586","M33","Positive","5D","Ipsi",951,2968.8,10.02
"587","M33","Positive","5D","Ipsi",578,606.61,626.98
"588","M33","Positive","5D","Ipsi",509,495.71,553.92
"589","M33","Positive","5D","Ipsi",832,2087.6,256.59
"590","M33","Positive","5D","Ipsi",1327,2985,459.31
"591","M33","Positive","5D","Ipsi",1087,2703.8,145.34
"592","M33","Positive","5D","Ipsi",745,1951.2,30.05
"593","M33","Positive","5D","Ipsi",1133,2762.6,197.16
"594","M33","Positive","5D","Ipsi",381,366.57,407.96
"595","M33","Positive","5D","Ipsi",540,309.36,584.1
"596","M33","Positive","5D","Ipsi",1206,2912.3,307.57
"597","M33","Positive","5D","Ipsi",345,146.74,385.68
"598","M33","Positive","5D","Ipsi",933,2298.8,597.45
"599","M33","Negative","5D","Ipsi",844,1777.9,279.29
"600","M33","Positive","5D","Ipsi",738,1957.8,10.65
"601","M33","Positive","5D","Ipsi",941,2774.3,4.945
"602","M33","Positive","5D","Ipsi",1210,2950.6,308.24
"603","M33","Positive","5D","Ipsi",1239,2538.8,350.03
"604","M33","Positive","5D","Ipsi",501,528.92,541.83
"605","M33","Positive","5D","Ipsi",397,394.61,434.83
"606","M33","Positive","5D","Ipsi",1116,2928.8,182.91
"607","M33","Negative","5D","Ipsi",1196,2346.9,296.83
"608","M33","Positive","5D","Ipsi",934,2284.4,613.1
"609","M33","Positive","5D","Ipsi",633,1286.6,120.69
"610","M33","Positive","5D","Ipsi",1469,3015.4,649.39
"611","M33","Positive","5D","Ipsi",1197,3066.6,299.83
"612","M33","Positive","5D","Ipsi",336,469.38,367.89
"613","M33","Negative","5D","Ipsi",1099,2342.4,156.18
"614","M33","Positive","5D","Ipsi",771,1952.4,94.86
"615","M33","Positive","5D","Ipsi",602,279.57,650.68
"616","M33","Positive","5D","Ipsi",1220,2945.6,329.42
"617","M33","Positive","5D","Ipsi",1108,3102.1,167.2
"618","M33","Positive","5D","Ipsi",604,799.19,653.81
"619","M33","Positive","5D","Ipsi",921,2177.2,572.24
"620","M33","Positive","5D","Ipsi",150,340.32,159.26
"621","M33","Positive","5D","Ipsi",347,486.39,385.24
"622","M33","Positive","5D","Ipsi",13,286.57,10.87
"623","M33","Positive","5D","Ipsi",1466,2641.1,648.22
"624","M33","Positive","5D","Ipsi",90,509.05,90.18
"625","M33","Positive","5D","Ipsi",126,486.11,138.89
"626","M33","Positive","5D","Ipsi",691,887.65,510.34
"627","M33","Positive","5D","Ipsi",1288,3092.6,414.81
"628","M33","Positive","5D","Ipsi",759,1973.7,67.37
"629","M33","Positive","5D","Ipsi",653,1133.8,339.45
"630","M33","Positive","5D","Ipsi",89,278.99,90.71
"631","M33","Positive","5D","Ipsi",557,747.83,599.4
"632","M33","Positive","5D","Ipsi",1032,2979.7,98.69
"633","M33","Negative","5D","Ipsi",848,1903.3,289.49
"634","M33","Positive","5D","Ipsi",101,544.31,100.86
"635","M33","Negative","5D","Ipsi",971,2485.7,35.08
"636","M33","Positive","5D","Ipsi",137,314.86,153.43
"637","M33","Positive","5D","Ipsi",1319,2691.6,453.68
"638","M33","Positive","5D","Ipsi",480,619.93,526.06
"639","M33","Positive","5D","Ipsi",709,812.91,586.03
"640","M33","Positive","5D","Ipsi",19,536.52,19.05
"641","M33","Positive","5D","Ipsi",229,469.19,256.39
"642","M33","Positive","5D","Ipsi",180,468.03,199.03
"643","M33","Positive","5D","Ipsi",315,18.33,342.8
"644","M33","Positive","5D","Ipsi",504,726.54,551.99
"645","M33","Positive","5D","Ipsi",383,37.42,415.48
"646","M33","Positive","5D","Ipsi",795,2210.6,143.46
"647","M33","Positive","5D","Ipsi",210,662.92,232.78
"648","M33","Positive","5D","Ipsi",232,249.72,255.94
"649","M33","Positive","5D","Ipsi",1024,2576.8,89.49
"650","M33","Positive","5D","Ipsi",289,579.41,313.87
"651","M33","Positive","5D","Ipsi",619,925.63,6.35
"652","M33","Positive","5D","Ipsi",252,679.42,279.55
"653","M33","Positive","5D","Ipsi",1313,3065.8,441.23
"654","M33","Positive","5D","Ipsi",766,2135.6,79.71
"655","M33","Positive","5D","Ipsi",1420,3034.1,586.24
"656","M33","Positive","5D","Ipsi",686,857.39,488.83
"657","M33","Positive","5D","Ipsi",623,1145.7,42.31
"658","M33","Positive","5D","Ipsi",206,344.75,226.88
"659","M33","Positive","5D","Ipsi",1424,2995.5,594.09
"660","M33","Positive","5D","Ipsi",93,360.2,92.46
"661","M33","Positive","5D","Ipsi",1448,2551.8,620.93
"662","M33","Positive","5D","Ipsi",17,469.01,18.24
"663","M33","Positive","5D","Ipsi",178,26,192.5
"664","M33","Positive","5D","Ipsi",1258,2723.9,368.93
"665","M33","Positive","5D","Ipsi",124,632.08,137.89
"666","M33","Positive","5D","Ipsi",1144,3105.3,210.08
"667","M33","Positive","5D","Ipsi",988,2728.3,56.04
"668","M33","Positive","5D","Ipsi",1122,2725.6,187.74
"669","M33","Positive","5D","Ipsi",982,2943.4,54.38
"670","M33","Positive","5D","Ipsi",1273,2890.7,391.41
"671","M33","Positive","5D","Ipsi",1148,2728,220.9
"672","M33","Positive","5D","Ipsi",270,47.74,299.36
"673","M33","Positive","5D","Ipsi",446,757.51,489.79
"674","M33","Positive","5D","Ipsi",1332,3035.3,465.54
"675","M33","Positive","5D","Ipsi",1077,2880.9,138.23
"676","M33","Positive","5D","Ipsi",773,1808.1,102.1
"677","M33","Positive","5D","Ipsi",1358,2485.8,509.38
"678","M33","Positive","5D","Ipsi",1386,3003.6,541.1
"679","M33","Positive","5D","Ipsi",1441,2750.8,616.6
"680","M33","Positive","5D","Ipsi",100,329.67,100.08
"681","M33","Positive","5D","Ipsi",483,548.81,534.03
"682","M33","Positive","5D","Ipsi",986,3015.8,55.68
"683","M33","Positive","5D","Ipsi",41,250.59,46.99
"684","M33","Positive","5D","Ipsi",944,2912.2,6.65
"685","M33","Positive","5D","Ipsi",153,513.06,167.53
"686","M33","Positive","5D","Ipsi",782,1826.5,120.93
"687","M33","Negative","5D","Ipsi",903,1773.5,505.05
"688","M33","Positive","5D","Ipsi",1445,3121.6,618.82
"689","M33","Positive","5D","Ipsi",1371,2962.5,529.71
"690","M33","Positive","5D","Ipsi",272,707.3,303.73
"691","M33","Positive","5D","Ipsi",1324,2858.3,455.35
"692","M33","Positive","5D","Ipsi",677,835.04,455.43
"693","M33","Positive","5D","Ipsi",1247,3086.4,355.16
"694","M33","Positive","5D","Ipsi",374,243.04,402.83
"695","M33","Positive","5D","Ipsi",840,1934.5,272.71
"696","M33","Positive","5D","Ipsi",526,102.11,574.59
"697","M33","Positive","5D","Ipsi",1105,2954.5,161.57
"698","M33","Positive","5D","Ipsi",325,25.21,353.86
"699","M33","Negative","5D","Ipsi",632,1091.4,116.42
"700","M33","Positive","5D","Ipsi",700,834.23,536.6
"701","M33","Positive","5D","Ipsi",1150,2959.5,222.4
"702","M33","Positive","5D","Ipsi",1155,2596.5,229.72
"703","M33","Positive","5D","Ipsi",166,492.15,183.5
"704","M33","Negative","5D","Ipsi",721,1468.6,634.23
"705","M33","Positive","5D","Ipsi",968,3048.8,30.22
"706","M33","Positive","5D","Ipsi",341,368.04,378.14
"707","M33","Positive","5D","Ipsi",1334,2870.2,469.56
"708","M33","Positive","5D","Ipsi",157,280.96,169.18
"709","M33","Positive","5D","Ipsi",900,2072.1,499.6
"710","M33","Positive","5D","Ipsi",462,662.46,504.57
"711","M33","Positive","5D","Ipsi",1053,3051.5,119.75
"712","M33","Positive","5D","Ipsi",1457,2834.2,636.52
"713","M33","Positive","5D","Ipsi",1341,3050.6,479.7
"714","M33","Positive","5D","Ipsi",1403,2977.1,565.36
"715","M33","Positive","5D","Ipsi",1302,3015,425.02
"716","M33","Positive","5D","Ipsi",1230,2890,342.16
"717","M33","Positive","5D","Ipsi",1282,2743.4,404.55
"718","M33","Positive","5D","Ipsi",144,238.41,159.58
"719","M33","Positive","5D","Ipsi",887,2070.9,431.64
"720","M33","Negative","5D","Ipsi",947,3117,5.33
"721","M33","Positive","5D","Ipsi",949,2732.7,9.668
"722","M33","Positive","5D","Ipsi",169,616.71,186.56
"723","M33","Positive","5D","Ipsi",539,675.58,583.94
"724","M33","Negative","5D","Ipsi",948,2519.9,3.961
"725","M33","Positive","5D","Ipsi",731,1732.5,6.223
"726","M33","Positive","5D","Ipsi",1430,3050.4,600.66
"727","M33","Positive","5D","Ipsi",965,2966.4,29.93
"728","M33","Positive","5D","Ipsi",800,1816.9,152.04
"729","M33","Positive","5D","Ipsi",476,96.51,521.93
"730","M33","Positive","5D","Ipsi",1060,2979.7,123.56
"731","M33","Positive","5D","Ipsi",1301,2502.5,424.1
"732","M33","Positive","5D","Ipsi",1235,3005.7,347.27
"733","M33","Negative","5D","Ipsi",664,1261.9,377.89
"734","M33","Negative","5D","Ipsi",1443,2362,618.25
"735","M33","Positive","5D","Ipsi",1203,3037.1,303.63
"736","M33","Negative","5D","Ipsi",1369,2440.1,527.93
"737","M33","Positive","5D","Ipsi",1322,3112.8,454.59
"738","M33","Positive","5D","Ipsi",1178,3057.4,267.49
"739","M33","Positive","5D","Ipsi",273,16.43,304.2
"740","M33","Positive","5D","Ipsi",1379,2408.3,536.46
"741","M33","Positive","5D","Ipsi",992,3058.9,59.01
"742","M33","Positive","5D","Ipsi",607,478.66,655.6
"743","M33","Positive","5D","Ipsi",805,2062.6,163.56
"744","M33","Positive","5D","Ipsi",749,1923,43.28
"745","M33","Positive","5D","Ipsi",681,1259.7,462.14
"746","M33","Positive","5D","Ipsi",141,136.82,153.82
"747","M33","Positive","5D","Ipsi",88,795.25,88.44
"748","M33","Positive","5D","Ipsi",221,190.29,249.32
"749","M33","Positive","5D","Ipsi",467,631.41,510.35
"750","M33","Positive","5D","Ipsi",461,393.54,507.87
"751","M33","Positive","5D","Ipsi",430,585.47,470.86
"752","M33","Positive","5D","Ipsi",114,571.44,120.95
"753","M33","Positive","5D","Ipsi",277,481.05,305.87
"754","M33","Positive","5D","Ipsi",175,148.48,190.01
"755","M33","Positive","5D","Ipsi",1246,2779.4,356.85
"756","M33","Positive","5D","Ipsi",23,588.35,20.6
"757","M33","Positive","5D","Ipsi",1400,3035.3,564.94
"758","M33","Positive","5D","Ipsi",1293,3022.3,416.74
"759","M33","Positive","5D","Ipsi",485,319.44,534.21
"760","M33","Positive","5D","Ipsi",682,864.73,462.77
"761","M33","Positive","5D","Ipsi",1408,2788.7,569.54
"762","M33","Positive","5D","Ipsi",1128,3042.7,192.75
"763","M33","Positive","5D","Ipsi",830,1574,239
"764","M33","Positive","5D","Ipsi",1191,3046.3,291.87
"765","M33","Positive","5D","Ipsi",440,578.25,481.7
"766","M33","Positive","5D","Ipsi",824,1878.1,218.83
"767","M33","Positive","5D","Ipsi",517,191.2,562.04
"768","M33","Positive","5D","Ipsi",548,236.14,591.71
"769","M33","Positive","5D","Ipsi",1237,2970,346.87
"770","M33","Positive","5D","Ipsi",997,2766.6,63.82
"771","M33","Positive","5D","Ipsi",6,543.73,4.728
"772","M33","Positive","5D","Ipsi",1364,2631.3,519.85
"773","M33","Positive","5D","Ipsi",524,40.95,571.73
"774","M33","Positive","5D","Ipsi",107,226.3,114.37
"775","M33","Positive","5D","Ipsi",716,881.25,604.21
"776","M33","Positive","5D","Ipsi",585,639.23,630.62
"777","M33","Positive","5D","Ipsi",579,354.14,626.42
"778","M33","Positive","5D","Ipsi",846,1856.8,287.55
"779","M33","Positive","5D","Ipsi",1030,2936,95.35
"780","M33","Positive","5D","Ipsi",1433,3100.2,606.71
"781","M33","Positive","5D","Ipsi",1159,3080.3,233.2
"782","M33","Positive","5D","Ipsi",183,237.03,199.52
"783","M33","Positive","5D","Ipsi",629,775.87,75.54
"784","M33","Positive","5D","Ipsi",392,373.03,421.57
"785","M33","Positive","5D","Ipsi",964,2852.8,27.43
"786","M33","Positive","5D","Ipsi",1299,3120.8,424.49
"787","M33","Positive","5D","Ipsi",918,2295.3,560.9
"788","M33","Positive","5D","Ipsi",67,126.2,73.12
"789","M33","Positive","5D","Ipsi",65,306.43,72.34
"790","M33","Positive","5D","Ipsi",1054,2674.9,120.13
"791","M33","Positive","5D","Ipsi",513,369.58,555.37
"792","M33","Positive","5D","Ipsi",1173,3009.7,258.96
"793","M33","Positive","5D","Ipsi",402,377.78,437.43
"794","M33","Positive","5D","Ipsi",1451,3029.2,623.97
"795","M33","Positive","5D","Ipsi",339,514.51,376.06
"796","M33","Positive","5D","Ipsi",1017,2814.4,87.05
"797","M33","Positive","5D","Ipsi",417,247.33,453.44
"798","M33","Positive","5D","Ipsi",904,1918.5,506.74
"799","M33","Positive","5D","Ipsi",906,2253.7,530.59
"800","M33","Positive","5D","Ipsi",669,835.92,417.12
"801","M33","Positive","5D","Ipsi",1411,2879.2,570.93
"802","M33","Positive","5D","Ipsi",216,623.47,238.85
"803","M33","Positive","5D","Ipsi",138,408.85,151.51
"804","M33","Positive","5D","Ipsi",1166,2582.3,253.97
"805","M33","Positive","5D","Ipsi",847,1955.1,288.25
"806","M33","Positive","5D","Ipsi",820,2100.8,212.81
"807","M33","Positive","5D","Ipsi",521,798.24,566.14
"808","M33","Positive","5D","Ipsi",1044,3039.1,107.7
"809","M33","Positive","5D","Ipsi",1097,2937.8,152.94
"810","M33","Positive","5D","Ipsi",1304,3096.7,431.6
"811","M33","Positive","5D","Ipsi",1200,2864.5,303.65
"812","M33","Positive","5D","Ipsi",109,210.77,115.26
"813","M33","Negative","5D","Ipsi",1267,2521.1,382.78
"814","M33","Positive","5D","Ipsi",1135,2648.4,197.16
"815","M33","Positive","5D","Ipsi",314,626.04,340.71
"816","M33","Positive","5D","Ipsi",1275,2820.6,390.93
"817","M33","Positive","5D","Ipsi",227,478.25,255.06
"818","M33","Positive","5D","Ipsi",1106,3028.4,161.22
"819","M33","Positive","5D","Ipsi",228,344.65,251.47
"820","M33","Positive","5D","Ipsi",1012,2617.9,80.94
"821","M33","Positive","5D","Ipsi",247,156.96,276.65
"822","M33","Positive","5D","Ipsi",113,484.55,117.69
"823","M33","Positive","5D","Ipsi",1348,3126.9,493.63
"824","M33","Positive","5D","Ipsi",369,142.63,402.03
"825","M33","Positive","5D","Ipsi",342,492.7,373.94
"826","M33","Positive","5D","Ipsi",1475,2975.2,660.81
"827","M33","Negative","5D","Ipsi",698,1463.9,525.75
"828","M33","Negative","5D","Ipsi",635,1496.1,149.71
"829","M33","Positive","5D","Ipsi",193,571.93,209.72
"830","M33","Positive","5D","Ipsi",1070,2873.1,133.87
"831","M33","Positive","5D","Ipsi",719,908.16,614.43
"832","M33","Positive","5D","Ipsi",75,526.93,81.55
"833","M33","Negative","5D","Ipsi",628,1540.3,60.1
"834","M33","Positive","5D","Ipsi",1233,3100.4,349.3
"835","M33","Positive","5D","Ipsi",827,1947.5,230.91
"836","M33","Positive","5D","Ipsi",1104,3059.9,162.44
"837","M33","Positive","5D","Ipsi",1262,2564.8,377.09
"838","M33","Positive","5D","Ipsi",366,449.09,398.78
"839","M33","Positive","5D","Ipsi",550,620.9,592.69
"840","M33","Positive","5D","Ipsi",679,824.46,458
"841","M33","Positive","5D","Ipsi",1181,2473.4,265.95
"842","M33","Positive","5D","Ipsi",1177,2966.8,260.37
"843","M33","Positive","5D","Ipsi",473,163.55,516.91
"844","M33","Positive","5D","Ipsi",713,855.56,597.2
"845","M33","Positive","5D","Ipsi",353,670.73,385.07
"846","M33","Positive","5D","Ipsi",747,2142.9,36.78
"847","M33","Positive","5D","Ipsi",814,2112.7,190.38
"848","M33","Positive","5D","Ipsi",742,1629.9,17.34
"849","M33","Positive","5D","Ipsi",434,447.22,474.33
"850","M33","Positive","5D","Ipsi",839,1955.5,268.09
"851","M33","Positive","5D","Ipsi",605,543.66,650.27
"852","M33","Positive","5D","Ipsi",373,589.37,405.29
"853","M33","Positive","5D","Ipsi",989,3089.1,57.61
"854","M33","Positive","5D","Ipsi",1190,3021.9,282.26
"855","M33","Positive","5D","Ipsi",552,30.12,595.87
"856","M33","Positive","5D","Ipsi",514,405.18,558.03
"857","M33","Positive","5D","Ipsi",487,499.47,537.03
"858","M33","Positive","5D","Ipsi",775,1955.2,103.98
"859","M33","Positive","5D","Ipsi",1303,3051.5,430.53
"860","M33","Positive","5D","Ipsi",1137,2797.6,199.79
"861","M33","Positive","5D","Ipsi",459,799.19,503.64
"862","M33","Positive","5D","Ipsi",1056,2928.6,121.47
"863","M33","Positive","5D","Ipsi",916,2192.3,562.41
"864","M33","Positive","5D","Ipsi",1256,2874.1,367.63
"865","M33","Positive","5D","Ipsi",1061,2609.8,125.41
"866","M33","Positive","5D","Ipsi",1378,2430.1,534.89
"867","M33","Positive","5D","Ipsi",621,766.65,30.38
"868","M33","Positive","5D","Ipsi",657,1409.3,357.72
"869","M33","Positive","5D","Ipsi",1062,2639.1,123.74
"870","M33","Positive","5D","Ipsi",1145,2974,209.98
"871","M33","Negative","5D","Ipsi",872,2255,360.95
"872","M33","Negative","5D","Ipsi",695,1310.1,517.81
"873","M33","Positive","5D","Ipsi",706,1289.5,565.04
"874","M33","Positive","5D","Ipsi",278,283.33,306.66
"875","M33","Positive","5D","Ipsi",733,1897.5,4.367
"876","M33","Positive","5D","Ipsi",1101,2635.8,157.73
"877","M33","Positive","5D","Ipsi",1015,2864,84.93
"878","M33","Positive","5D","Ipsi",262,511.57,291.92
"879","M33","Positive","5D","Ipsi",902,1785,501.96
"880","M33","Positive","5D","Ipsi",386,301.15,412.5
"881","M33","Positive","5D","Ipsi",53,166.86,63.68
"882","M33","Positive","5D","Ipsi",421,6.624,459.3
"883","M33","Positive","5D","Ipsi",215,2.55,240.39
"884","M33","Positive","5D","Ipsi",146,652.49,158.52
"885","M33","Positive","5D","Ipsi",121,163.16,133.23
"886","M33","Positive","5D","Ipsi",537,108.41,583.68
"887","M33","Positive","5D","Ipsi",675,1543.2,445.77
"888","M33","Positive","5D","Ipsi",453,688.57,495.12
"889","M33","Negative","5D","Ipsi",727,1481.7,653.76
"890","M33","Positive","5D","Ipsi",185,528.96,201.85
"891","M33","Positive","5D","Ipsi",1208,3079.8,309.7
"892","M33","Positive","5D","Ipsi",924,2123.6,576.55
"893","M33","Positive","5D","Ipsi",1090,2492.5,145.48
"894","M33","Positive","5D","Ipsi",856,2104.7,303.47
"895","M33","Positive","5D","Ipsi",764,1938,80.49
"896","M33","Positive","5D","Ipsi",240,108.13,266.2
"897","M33","Positive","5D","Ipsi",821,2239,214.94
"898","M33","Positive","5D","Ipsi",1094,2777.7,147.62
"899","M33","Positive","5D","Ipsi",1380,2986.5,536.93
"900","M33","Positive","5D","Ipsi",627,1001.4,55.61
"901","M33","Positive","5D","Ipsi",636,977.72,157.6
"902","M33","Positive","5D","Ipsi",401,582.81,437.65
"903","M33","Positive","5D","Ipsi",985,2760.7,53.28
"904","M33","Positive","5D","Ipsi",1226,2919.7,339.49
"905","M33","Positive","5D","Ipsi",787,1956.9,129.74
"906","M33","Positive","5D","Ipsi",152,427.36,164.37
"907","M33","Positive","5D","Ipsi",1084,2949.3,143.76
"908","M33","Positive","5D","Ipsi",1440,2430,612.58
"909","M33","Positive","5D","Ipsi",233,333.55,257.18
"910","M33","Positive","5D","Ipsi",174,512.24,189.32
"911","M33","Positive","5D","Ipsi",527,4.58,577.79
"912","M33","Positive","5D","Ipsi",1438,2699.2,609.59
"913","M33","Positive","5D","Ipsi",624,993.5,42.54
"914","M33","Positive","5D","Ipsi",825,2250.8,221.58
"915","M33","Positive","5D","Ipsi",1013,2535.2,80.38
"916","M33","Positive","5D","Ipsi",357,55.77,389.26
"917","M33","Positive","5D","Ipsi",61,446.3,70.45
"918","M33","Positive","5D","Ipsi",697,845.81,524.51
"919","M33","Positive","5D","Ipsi",263,317.86,292.5
"920","M33","Positive","5D","Ipsi",1338,2796.6,475.83
"921","M33","Positive","5D","Ipsi",551,313.33,593.17
"922","M33","Positive","5D","Ipsi",834,1914.2,257.33
"923","M33","Positive","5D","Ipsi",1076,2780.6,136.41
"924","M33","Positive","5D","Ipsi",807,2161.9,170.03
"925","M33","Positive","5D","Ipsi",889,2062.7,440.77
"926","M33","Positive","5D","Ipsi",92,81.24,92.05
"927","M33","Positive","5D","Ipsi",352,680.32,388.6
"928","M33","Positive","5D","Ipsi",250,333.97,277.52
"929","M33","Negative","5D","Ipsi",684,1018.8,474.22
"930","M33","Positive","5D","Ipsi",569,689.46,613.99
"931","M33","Negative","5D","Ipsi",796,1697.8,146.88
"932","M33","Positive","5D","Ipsi",1253,2742.7,364.49
"933","M33","Positive","5D","Ipsi",477,149.81,521.13
"934","M33","Positive","5D","Ipsi",236,787.42,262.47
"935","M33","Positive","5D","Ipsi",817,1900.8,195.46
"936","M33","Positive","5D","Ipsi",427,154.21,467.83
"937","M33","Positive","5D","Ipsi",361,205.98,390.96
"938","M33","Positive","5D","Ipsi",640,767.99,210.52
"939","M33","Positive","5D","Ipsi",1042,3099.4,104.58
"940","M33","Positive","5D","Ipsi",654,802.98,341.42
"941","M33","Positive","5D","Ipsi",368,645.75,400.17
"942","M33","Positive","5D","Ipsi",1120,2867.7,183.76
"943","M33","Positive","5D","Ipsi",188,407.97,206.06
"944","M33","Positive","5D","Ipsi",765,1950.8,79.44
"945","M33","Positive","5D","Ipsi",1010,3083.4,79.6
"946","M33","Negative","5D","Ipsi",1081,2388.5,138.09
"947","M33","Negative","5D","Ipsi",694,1200.7,515.94
"948","M33","Positive","5D","Ipsi",479,5.88,526.2
"949","M33","Positive","5D","Ipsi",1406,3026.2,567.31
"950","M33","Positive","5D","Ipsi",599,375.69,643.99
"951","M33","Positive","5D","Ipsi",1069,2857.6,133.9
"952","M33","Positive","5D","Ipsi",87,190.08,87.24
"953","M33","Positive","5D","Ipsi",145,63.3,157.55
"954","M33","Positive","5D","Ipsi",991,2866.8,55.54
"955","M33","Positive","5D","Ipsi",671,798.72,431.19
"956","M33","Positive","5D","Ipsi",538,510.95,582.32
"957","M33","Positive","5D","Ipsi",297,658,320.88
"958","M33","Positive","5D","Ipsi",758,1766.4,66.38
"959","M33","Positive","5D","Ipsi",1387,2947.2,542.53
"960","M33","Positive","5D","Ipsi",508,443.13,554.54
"961","M33","Positive","5D","Ipsi",1227,3054.5,338.66
"962","M33","Positive","5D","Ipsi",1170,2604.9,259.09
"963","M33","Positive","5D","Ipsi",1446,3059.1,618.89
"964","M33","Positive","5D","Ipsi",772,2029,95.9
"965","M33","Positive","5D","Ipsi",296,323.16,321.25
"966","M33","Positive","5D","Ipsi",1153,2705.2,225.24
"967","M33","Negative","5D","Ipsi",712,1355.6,593.65
"968","M33","Positive","5D","Ipsi",346,404.79,384.33
"969","M33","Positive","5D","Ipsi",319,702.78,345.36
"970","M33","Positive","5D","Ipsi",76,410.66,80.37
"971","M33","Positive","5D","Ipsi",1447,3015.8,621.51
"972","M33","Positive","5D","Ipsi",615,227.06,659.48
"973","M33","Positive","5D","Ipsi",478,705.42,522.45
"974","M33","Positive","5D","Ipsi",845,1983.1,284.63
"975","M33","Positive","5D","Ipsi",190,702.88,205.02
"976","M33","Positive","5D","Ipsi",1026,2726.5,90.58
"977","M33","Positive","5D","Ipsi",1008,3035,78.25
"978","M33","Positive","5D","Ipsi",913,2328,546.72
"979","M33","Positive","5D","Ipsi",977,2505.5,42.22
"980","M33","Positive","5D","Ipsi",158,522.98,168.96
"981","M33","Positive","5D","Ipsi",676,806.53,447.34
"982","M33","Positive","5D","Ipsi",265,202.69,291.21
"983","M33","Positive","5D","Ipsi",39,523.87,46.24
"984","M33","Positive","5D","Ipsi",1003,3040.5,68.33
"985","M33","Positive","5D","Ipsi",1263,3012.7,378.47
"986","M33","Positive","5D","Ipsi",408,296.76,443.72
"987","M33","Positive","5D","Ipsi",450,334.96,493.44
"988","M33","Positive","5D","Ipsi",720,837.49,612.19
"989","M33","Positive","5D","Ipsi",754,1921.3,53.66
"990","M33","Positive","5D","Ipsi",32,150.52,38.16
"991","M33","Positive","5D","Ipsi",244,255.88,269.32
"992","M33","Positive","5D","Ipsi",1241,3119.7,349.81
"993","M33","Positive","5D","Ipsi",1410,3055,571.37
"994","M33","Negative","5D","Ipsi",1165,2393,246.48
"995","M33","Positive","5D","Ipsi",1309,2541,435.71
"996","M33","Positive","5D","Ipsi",794,2016.8,139.61
"997","M33","Negative","5D","Ipsi",696,1264.9,518.44
"998","M33","Positive","5D","Ipsi",54,579.28,64.75
"999","M33","Positive","5D","Ipsi",488,266.21,536.4
"1000","M33","Positive","5D","Ipsi",592,547.78,639.48
"1001","M33","Positive","5D","Ipsi",209,21.59,227.14
"1002","M33","Positive","5D","Ipsi",1355,2851.3,507.74
"1003","M33","Positive","5D","Ipsi",35,700.76,41.39
"1004","M33","Positive","5D","Ipsi",1240,3040.6,350.85
"1005","M33","Positive","5D","Ipsi",328,686.31,356.21
"1006","M33","Positive","5D","Ipsi",378,395.02,405.64
"1007","M33","Negative","5D","Ipsi",857,2281.4,307.67
"1008","M33","Positive","5D","Ipsi",1004,2778.5,72.03
"1009","M33","Positive","5D","Ipsi",1383,2959.6,538.85
"1010","M33","Positive","5D","Ipsi",337,689.43,366.76
"1011","M33","Positive","5D","Ipsi",555,347.08,595.66
"1012","M33","Positive","5D","Ipsi",547,21.21,590.96
"1013","M33","Positive","5D","Ipsi",468,613.29,514.04
"1014","M33","Positive","5D","Ipsi",77,38.14,84.04
"1015","M33","Positive","5D","Ipsi",1185,2875.1,277.41
"1016","M33","Positive","5D","Ipsi",104,650.3,106.16
"1017","M33","Positive","5D","Ipsi",785,2206.6,124.08
"1018","M33","Positive","5D","Ipsi",528,174.08,577.4
"1019","M33","Positive","5D","Ipsi",1224,3094.1,337.16
"1020","M33","Positive","5D","Ipsi",554,198.97,596.68
"1021","M33","Positive","5D","Ipsi",1459,2711.2,640.58
"1022","M33","Positive","5D","Ipsi",219,169.29,244.58
"1023","M33","Negative","5D","Ipsi",922,2014.3,573.17
"1024","M33","Positive","5D","Ipsi",1213,3098.5,320.22
"1025","M33","Positive","5D","Ipsi",1238,3090.8,347.08
"1026","M33","Positive","5D","Ipsi",1199,3015.5,300.9
"1027","M33","Positive","5D","Ipsi",62,200.83,69.43
"1028","M33","Positive","5D","Ipsi",391,455.75,420.43
"1029","M33","Positive","5D","Ipsi",1360,2775.4,512.39
"1030","M33","Positive","5D","Ipsi",1146,2702.7,212.84
"1031","M33","Positive","5D","Ipsi",329,711.46,359.48
"1032","M33","Positive","5D","Ipsi",444,624.26,483.87
"1033","M33","Positive","5D","Ipsi",961,2773.1,21.29
"1034","M33","Negative","5D","Ipsi",833,2154.2,254.54
"1035","M33","Positive","5D","Ipsi",291,773.83,317.46
"1036","M33","Positive","5D","Ipsi",510,101.53,551.7
"1037","M33","Positive","5D","Ipsi",1328,2411.7,461.65
"1038","M33","Positive","5D","Ipsi",248,611.51,275.87
"1039","M33","Positive","5D","Ipsi",789,2006.1,134.32
"1040","M33","Negative","5D","Ipsi",680,1341.4,461.24
"1041","M33","Positive","5D","Ipsi",723,820.97,636.54
"1042","M33","Positive","5D","Ipsi",1048,2745.5,112.83
"1043","M33","Positive","5D","Ipsi",354,37.15,388.1
"1044","M33","Positive","5D","Ipsi",1414,2347,576.06
"1045","M33","Positive","5D","Ipsi",441,666.45,481.85
"1046","M33","Positive","5D","Ipsi",705,935.6,563.05
"1047","M33","Negative","5D","Ipsi",1110,2376.3,167.24
"1048","M33","Negative","5D","Ipsi",710,1158.3,586.39
"1049","M33","Positive","5D","Ipsi",1366,2805.9,523
"1050","M33","Positive","5D","Ipsi",849,2192.4,287.66
"1051","M33","Positive","5D","Ipsi",237,443.81,263.32
"1052","M33","Positive","5D","Ipsi",1385,2936.6,540.65
"1053","M33","Positive","5D","Ipsi",562,714.17,602.24
"1054","M33","Positive","5D","Ipsi",650,831.69,292.31
"1055","M33","Positive","5D","Ipsi",744,1767.2,24.48
"1056","M33","Negative","5D","Ipsi",751,2005.6,43.25
"1057","M33","Positive","5D","Ipsi",1047,3065.3,114.85
"1058","M33","Positive","5D","Ipsi",1035,2813.8,100.66
"1059","M33","Positive","5D","Ipsi",50,676.05,61.74
"1060","M33","Positive","5D","Ipsi",1422,3097.4,591.82
"1061","M33","Positive","5D","Ipsi",389,88.99,413.61
"1062","M33","Positive","5D","Ipsi",173,160.18,187.7
"1063","M33","Positive","5D","Ipsi",586,791.04,630.79
"1064","M33","Positive","5D","Ipsi",1074,2827.7,136.42
"1065","M33","Positive","5D","Ipsi",412,274.33,445.16
"1066","M33","Positive","5D","Ipsi",600,599.49,642.14
"1067","M33","Positive","5D","Ipsi",179,505.93,195.35
"1068","M33","Positive","5D","Ipsi",962,2782.2,22.96
"1069","M33","Positive","5D","Ipsi",1218,2613.1,325.67
"1070","M33","Positive","5D","Ipsi",1283,3096.5,403.9
"1071","M33","Positive","5D","Ipsi",14,255.3,7.223
"1072","M33","Positive","5D","Ipsi",1198,2773.2,299.99
"1073","M33","Positive","5D","Ipsi",239,190.23,264.24
"1074","M33","Positive","5D","Ipsi",1382,3131.6,536.18
"1075","M33","Positive","5D","Ipsi",652,819.12,307.14
"1076","M33","Positive","5D","Ipsi",431,73.16,468.01
"1077","M33","Positive","5D","Ipsi",55,626.06,65.91
"1078","M33","Positive","5D","Ipsi",496,130.07,541.49
"1079","M33","Positive","5D","Ipsi",928,1999.6,591.54
"1080","M33","Positive","5D","Ipsi",558,588.63,599.23
"1081","M33","Positive","5D","Ipsi",285,687.65,310.23
"1082","M33","Positive","5D","Ipsi",186,556,204.16
"1083","M33","Positive","5D","Ipsi",1174,3078.3,262.32
"1084","M33","Positive","5D","Ipsi",448,255.82,487.01
"1085","M33","Negative","5D","Ipsi",831,1841.1,247.22
"1086","M33","Positive","5D","Ipsi",234,95.57,258.17
"1087","M33","Positive","5D","Ipsi",1264,3079,377.36
"1088","M33","Positive","5D","Ipsi",811,1893,185.54
"1089","M33","Positive","5D","Ipsi",1465,3045.5,643.76
"1090","M33","Positive","5D","Ipsi",458,397.58,500.91
"1091","M33","Positive","5D","Ipsi",398,435.7,434.57
"1092","M33","Positive","5D","Ipsi",722,856.47,635.76
"1093","M33","Negative","5D","Ipsi",925,1715.5,579.13
"1094","M33","Positive","5D","Ipsi",404,307.29,437.8
"1095","M33","Positive","5D","Ipsi",242,98.93,270.74
"1096","M33","Positive","5D","Ipsi",466,582.99,506.63
"1097","M33","Positive","5D","Ipsi",911,2182.1,546.7
"1098","M33","Positive","5D","Ipsi",1250,2864.4,358.76
"1099","M33","Positive","5D","Ipsi",1375,3057.5,532.13
"1100","M33","Positive","5D","Ipsi",571,480.97,615.99
"1101","M33","Positive","5D","Ipsi",597,479.76,643.33
"1102","M33","Positive","5D","Ipsi",472,642.75,517.2
"1103","M33","Negative","5D","Ipsi",780,2197.8,115.28
"1104","M33","Positive","5D","Ipsi",534,298.41,581.78
"1105","M33","Positive","5D","Ipsi",1312,2961.3,438.39
"1106","M33","Positive","5D","Ipsi",1460,2586.6,641.19
"1107","M33","Positive","5D","Ipsi",56,5.675,63.95
"1108","M33","Positive","5D","Ipsi",1096,2757,154.25
"1109","M33","Positive","5D","Ipsi",770,1784.7,90.99
"1110","M33","Positive","5D","Ipsi",736,2087.1,8.165
"1111","M33","Positive","5D","Ipsi",563,55.26,604.67
"1112","M33","Positive","5D","Ipsi",1367,3007,523
"1113","M33","Positive","5D","Ipsi",80,664.82,85.57
"1114","M33","Positive","5D","Ipsi",375,298.2,404.06
"1115","M33","Positive","5D","Ipsi",1242,2876.1,352.56
"1116","M33","Positive","5D","Ipsi",21,379.61,18.71
"1117","M33","Positive","5D","Ipsi",241,338.71,266.99
"1118","M33","Positive","5D","Ipsi",1222,3026,330.16
"1119","M33","Positive","5D","Ipsi",729,862.02,661.77
"1120","M33","Positive","5D","Ipsi",620,1506.8,14.38
"1121","M33","Positive","5D","Ipsi",364,493.88,392
"1122","M33","Negative","5D","Ipsi",935,2069.1,633.4
"1123","M33","Positive","5D","Ipsi",1330,3075,459.97
"1124","M33","Positive","5D","Ipsi",649,850.09,285.66
"1125","M33","Positive","5D","Ipsi",376,766.37,404.21
"1126","M33","Positive","5D","Ipsi",1405,2992.8,566.18
"1127","M33","Positive","5D","Ipsi",1437,2389.4,610.25
"1128","M33","Positive","5D","Ipsi",371,513.77,398.6
"1129","M33","Positive","5D","Ipsi",743,2344.9,20.9
"1130","M33","Positive","5D","Ipsi",302,605.04,326.85
"1131","M33","Positive","5D","Ipsi",224,157.88,251.22
"1132","M33","Positive","5D","Ipsi",211,791.46,234.64
"1133","M33","Positive","5D","Ipsi",260,772.48,284.48
"1134","M33","Positive","5D","Ipsi",167,538.36,181.68
"1135","M33","Positive","5D","Ipsi",1102,2744.2,160.96
"1136","M33","Positive","5D","Ipsi",1350,3021.2,500.02
"1137","M33","Positive","5D","Ipsi",1277,3039.9,392.71
"1138","M33","Positive","5D","Ipsi",907,2016.1,531.05
"1139","M33","Positive","5D","Ipsi",876,1612.1,375.55
"1140","M33","Positive","5D","Ipsi",449,264.44,491.21
"1141","M33","Positive","5D","Ipsi",606,339.82,650.35
"1142","M33","Positive","5D","Ipsi",45,683.63,54.13
"1143","M33","Positive","5D","Ipsi",959,3081.6,16.52
"1144","M33","Positive","5D","Ipsi",1285,3065.8,405.67
"1145","M33","Positive","5D","Ipsi",1083,2979.8,141.12
"1146","M33","Positive","5D","Ipsi",275,668.48,302.44
"1147","M33","Positive","5D","Ipsi",1255,2677.8,364.19
"1148","M33","Positive","5D","Ipsi",593,121.09,638.8
"1149","M33","Positive","5D","Ipsi",553,94.86,595.54
"1150","M33","Positive","5D","Ipsi",1305,2833.7,429.99
"1151","M33","Positive","5D","Ipsi",942,2845.5,4.835
"1152","M33","Positive","5D","Ipsi",253,584.43,279.24
"1153","M33","Positive","5D","Ipsi",1149,3085,220.2
"1154","M33","Positive","5D","Ipsi",505,590.31,548.14
"1155","M33","Positive","5D","Ipsi",536,165.13,582.88
"1156","M33","Positive","5D","Ipsi",969,2906,31.27
"1157","M33","Positive","5D","Ipsi",940,2737.6,3.701
"1158","M33","Positive","5D","Ipsi",1321,2943.7,454.7
"1159","M33","Positive","5D","Ipsi",803,2016.6,160.06
"1160","M33","Positive","5D","Ipsi",544,174.51,590.24
"1161","M33","Positive","5D","Ipsi",309,685.64,336.11
"1162","M33","Positive","5D","Ipsi",819,2104.8,201.2
"1163","M33","Positive","5D","Ipsi",208,590.47,227.51
"1164","M33","Positive","5D","Ipsi",1251,2892.4,359.34
"1165","M33","Positive","5D","Ipsi",530,50.08,579.75
"1166","M33","Positive","5D","Ipsi",1363,3107.1,518.6
"1167","M33","Positive","5D","Ipsi",454,642.34,496.75
"1168","M33","Positive","5D","Ipsi",837,2106,260.75
"1169","M33","Positive","5D","Ipsi",66,649.85,70.5
"1170","M33","Positive","5D","Ipsi",196,283.08,212.66
"1171","M33","Positive","5D","Ipsi",570,56.79,615.46
"1172","M33","Positive","5D","Ipsi",1310,2870.4,436.31
"1173","M33","Positive","5D","Ipsi",1205,2667.8,303.66
"1174","M33","Positive","5D","Ipsi",609,622.04,652.25
"1175","M33","Positive","5D","Ipsi",313,493.07,339.88
"1176","M33","Positive","5D","Ipsi",757,1924.2,63.84
"1177","M33","Positive","5D","Ipsi",954,2881.5,12.38
"1178","M33","Positive","5D","Ipsi",760,1690.5,66.33
"1179","M33","Positive","5D","Ipsi",163,651.15,175.24
"1180","M33","Positive","5D","Ipsi",363,271.2,393.15
"1181","M33","Positive","5D","Ipsi",1413,3044.9,572.81
"1182","M33","Positive","5D","Ipsi",1391,2499,551.44
"1183","M33","Positive","5D","Ipsi",568,167.59,608.17
"1184","M33","Positive","5D","Ipsi",385,354.54,412.11
"1185","M33","Positive","5D","Ipsi",73,281.83,77.59
"1186","M33","Positive","5D","Ipsi",1020,2683.8,85.57
"1187","M33","Positive","5D","Ipsi",1072,2625.4,133.89
"1188","M33","Positive","5D","Ipsi",1368,3114.5,523.47
"1189","M33","Positive","5D","Ipsi",372,73.05,400.29
"1190","M33","Positive","5D","Ipsi",452,517.35,496.37
"1191","M33","Positive","5D","Ipsi",255,526.14,281.42
"1192","M33","Positive","5D","Ipsi",1065,3018.4,126
"1193","M33","Positive","5D","Ipsi",888,2099.6,432.5
"1194","M33","Positive","5D","Ipsi",1389,3054.1,548.26
"1195","M33","Positive","5D","Ipsi",990,2828,56.66
"1196","M33","Positive","5D","Ipsi",7,624.42,5.16
"1197","M33","Positive","5D","Ipsi",886,2060.1,428.15
"1198","M33","Positive","5D","Ipsi",957,2631.2,18.01
"1199","M33","Positive","5D","Ipsi",909,2116,541.77
"1200","M33","Positive","5D","Ipsi",943,2864.8,3.98
"1201","M33","Positive","5D","Ipsi",801,2123.2,154.41
"1202","M33","Positive","5D","Ipsi",284,253.96,309.71
"1203","M33","Positive","5D","Ipsi",1009,3093.1,78.77
"1204","M33","Positive","5D","Ipsi",919,1929.7,561.35
"1205","M33","Positive","5D","Ipsi",1124,3061.9,184.39
"1206","M33","Positive","5D","Ipsi",1091,2905,144.43
"1207","M33","Positive","5D","Ipsi",200,189.63,216.41
"1208","M33","Positive","5D","Ipsi",1344,3035.4,490.23
"1209","M33","Positive","5D","Ipsi",869,2180.9,349.49
"1210","M33","Positive","5D","Ipsi",51,434.34,61.67
"1211","M33","Positive","5D","Ipsi",734,1967.8,4.176
"1212","M33","Positive","5D","Ipsi",945,2989.1,3.709
"1213","M33","Positive","5D","Ipsi",956,2905.4,15.57
"1214","M33","Positive","5D","Ipsi",249,89.63,275.66
"1215","M33","Positive","5D","Ipsi",1005,2632.9,73.03
"1216","M33","Positive","5D","Ipsi",1045,3086.2,109.62
"1217","M33","Positive","5D","Ipsi",974,2680.7,36.15
"1218","M33","Positive","5D","Ipsi",1111,2855.1,172.39
"1219","M33","Positive","5D","Ipsi",614,38.29,658.81
"1220","M33","Positive","5D","Ipsi",823,1915.3,218.11
"1221","M33","Positive","5D","Ipsi",1298,3045.4,421.62
"1222","M33","Positive","5D","Ipsi",750,1982.3,39.69
"1223","M33","Positive","5D","Ipsi",998,2921.9,63.8
"1224","M33","Positive","5D","Ipsi",737,1743.3,8.649
"1225","M33","Positive","5D","Ipsi",287,699.57,313.25
"1226","M33","Positive","5D","Ipsi",1028,3080.9,90.77
"1227","M33","Positive","5D","Ipsi",638,785.97,200.26
"1228","M33","Positive","5D","Ipsi",1214,2864.8,320.38
"1229","M33","Positive","5D","Ipsi",1248,3000.1,358.18
"1230","M33","Positive","5D","Ipsi",1231,3035.9,342.67
"1231","M33","Positive","5D","Ipsi",616,376.88,660.85
"1232","M33","Positive","5D","Ipsi",1059,2578.1,121.02
"1233","M33","Positive","5D","Ipsi",370,415.67,399.94
"1234","M33","Positive","5D","Ipsi",1476,3033,660.78
"1235","M33","Positive","5D","Ipsi",523,655.63,567.62
"1236","M33","Positive","5D","Ipsi",1243,2841.3,355.14
"1237","M33","Positive","5D","Ipsi",1019,2608.1,86.18
"1238","M33","Positive","5D","Ipsi",984,2656.7,53.6
"1239","M33","Positive","5D","Ipsi",1187,2557.7,277.65
"1240","M33","Positive","5D","Ipsi",701,1559.2,548.21
"1241","M33","Positive","5D","Ipsi",119,19.53,128.55
"1242","M33","Positive","5D","Ipsi",131,3.259,142.41
"1243","M33","Positive","5D","Ipsi",112,410.47,114.8
"1244","M33","Positive","5D","Ipsi",202,468.85,218.21
"1245","M33","Positive","5D","Ipsi",1236,2496.2,345.59
"1246","M33","Positive","5D","Ipsi",125,391.25,138.32
"1247","M33","Positive","5D","Ipsi",1049,2812.5,114.66
"1248","M33","Positive","5D","Ipsi",1359,3040.8,509.33
"1249","M33","Positive","5D","Ipsi",194,613.69,210.01
"1250","M33","Positive","5D","Ipsi",1415,2998.2,576.98
"1251","M33","Positive","5D","Ipsi",72,721.91,75.42
"1252","M33","Positive","5D","Ipsi",612,153.21,653.2
"1253","M33","Positive","5D","Ipsi",1021,2739.7,88.07
"1254","M33","Positive","5D","Ipsi",1202,2796.7,301.11
"1255","M33","Positive","5D","Ipsi",410,501.07,442.93
"1256","M33","Positive","5D","Ipsi",1252,2650.3,360.71
"1257","M33","Positive","5D","Ipsi",865,1760.2,331.84
"1258","M33","Positive","5D","Ipsi",151,296.02,162.64
"1259","M33","Negative","5D","Ipsi",639,1084.9,202.05
"1260","M33","Positive","5D","Ipsi",1113,2878,172.34
"1261","M33","Positive","5D","Ipsi",49,650.16,61.53
"1262","M33","Positive","5D","Ipsi",1307,2732.9,435.12
"1263","M33","Positive","5D","Ipsi",1474,3057,660.1
"1264","M33","Positive","5D","Ipsi",238,617.5,263.01
"1265","M33","Positive","5D","Ipsi",711,780.86,593
"1266","M33","Positive","5D","Ipsi",507,219.66,549.52
"1267","M33","Positive","5D","Ipsi",491,3.211,536.9
"1268","M33","Positive","5D","Ipsi",622,1079.7,33.97
"1269","M33","Positive","5D","Ipsi",1416,2493.1,578.35
"1270","M33","Positive","5D","Ipsi",1143,2638.4,207.42
"1271","M33","Positive","5D","Ipsi",102,631.2,104.24
"1272","M33","Positive","5D","Ipsi",871,1780.7,358.34
"1273","M33","Positive","5D","Ipsi",763,2372.3,75.51
"1274","M33","Positive","5D","Ipsi",1356,2935.9,507.92
"1275","M33","Positive","5D","Ipsi",1347,2933.3,491.28
"1276","M33","Positive","5D","Ipsi",1467,2797.3,645.39
"1277","M33","Positive","5D","Ipsi",724,836.26,641.41
"1278","M33","Positive","5D","Ipsi",714,863.85,601.23
"1279","M33","Positive","5D","Ipsi",735,1947.4,6.022
"1280","M33","Positive","5D","Ipsi",1176,2560.1,260.22
"1281","M33","Positive","5D","Ipsi",18,193.01,15.64
"1282","M33","Positive","5D","Ipsi",189,460.92,205.69
"1283","M33","Positive","5D","Ipsi",429,571.88,468.53
"1284","M33","Positive","5D","Ipsi",970,2973.2,33.55
"1285","M33","Positive","5D","Ipsi",963,2897,23.16
"1286","M33","Negative","5D","Ipsi",1436,2841.6,607.9
"1287","M33","Positive","5D","Ipsi",1175,3087,260.49
"1288","M33","Positive","5D","Ipsi",310,128.85,338.48
"1289","M33","Positive","5D","Ipsi",298,648.97,322.1
"1290","M33","Positive","5D","Ipsi",168,337.55,181.49
"1291","M33","Positive","5D","Ipsi",98,372.54,96.45
"1292","M33","Positive","5D","Ipsi",1073,2899.6,134.18
"1293","M33","Negative","5D","Ipsi",804,1765.1,161.54
"1294","M33","Positive","5D","Ipsi",358,419.26,389.78
"1295","M33","Positive","5D","Ipsi",1229,3118.8,338.8
"1296","M33","Positive","5D","Ipsi",111,249.95,115.14
"1297","M33","Positive","5D","Ipsi",1401,3067.2,563.34
"1298","M33","Positive","5D","Ipsi",1432,3117.9,602.31
"1299","M33","Positive","5D","Ipsi",573,372.28,615.75
"1300","M33","Positive","5D","Ipsi",883,2093.4,421.24
"1301","M33","Positive","5D","Ipsi",626,1022.7,50.57
"1302","M33","Positive","5D","Ipsi",344,349.6,378.95
"1303","M33","Positive","5D","Ipsi",1454,3100.7,631.15
"1304","M33","Positive","5D","Ipsi",1345,3077.1,490.42
"1305","M33","Positive","5D","Ipsi",414,588.55,447.79
"1306","M33","Positive","5D","Ipsi",288,445.79,313.59
"1307","M33","Positive","5D","Ipsi",692,806.92,513.27
"1308","M33","Positive","5D","Ipsi",1428,2391,598.07
"1309","M33","Positive","5D","Ipsi",147,639.95,157.15
"1310","M33","Positive","5D","Ipsi",1180,3066.3,265.42
"1311","M33","Positive","5D","Ipsi",502,100.32,543.78
"1312","M33","Positive","5D","Ipsi",1419,2872.6,584.22
"1313","M33","Positive","5D","Ipsi",1057,3005.3,120.41
"1314","M33","Positive","5D","Ipsi",955,2995.3,12.31
"1315","M33","Positive","5D","Ipsi",618,554.03,661.58
"1316","M33","Positive","5D","Ipsi",645,1211.7,235.35
"1317","M33","Positive","5D","Ipsi",470,550.54,515.5
"1318","M33","Positive","5D","Ipsi",666,824.42,395.36
"1319","M33","Positive","5D","Ipsi",38,52.08,42.5
"1320","M33","Positive","5D","Ipsi",542,246.65,585.76
"1321","M33","Positive","5D","Ipsi",1158,3044.8,232.34
"1322","M33","Positive","5D","Ipsi",1031,2463.7,94.52
"1323","M33","Positive","5D","Ipsi",415,647.6,448.12
"1324","M33","Positive","5D","Ipsi",96,189.11,97.09
"1325","M33","Positive","5D","Ipsi",1278,3055.7,395.54
"1326","M33","Positive","5D","Ipsi",1294,2962.2,418.08
"1327","M33","Positive","5D","Ipsi",1337,3047,474.04
"1328","M33","Positive","5D","Ipsi",1412,2969.3,572.54
"1329","M33","Negative","5D","Ipsi",768,2228.5,79.79
"1330","M33","Positive","5D","Ipsi",1156,2785.5,230.47
"1331","M33","Positive","5D","Ipsi",1082,2850,139.47
"1332","M33","Positive","5D","Ipsi",1268,2459.1,382.6
"1333","M33","Positive","5D","Ipsi",950,2711.9,5.759
"1334","M33","Positive","5D","Ipsi",1296,3037,421.94
"1335","M33","Positive","5D","Ipsi",204,139.67,220.61
"1336","M33","Positive","5D","Ipsi",1023,3093.2,87.74
"1337","M33","Positive","5D","Ipsi",658,1360.1,357.02
"1338","M33","Positive","5D","Ipsi",762,2165.6,71.9
"1339","M33","Positive","5D","Ipsi",1270,3057.9,385.59
"1340","M33","Positive","5D","Ipsi",1162,2741.6,238.79
"1341","M33","Positive","5D","Ipsi",822,2067.8,215.74
"1342","M33","Positive","5D","Ipsi",1192,3002.5,289.76
"1343","M33","Positive","5D","Ipsi",574,679.91,615.24
"1344","M33","Positive","5D","Ipsi",816,2367.4,191.99
"1345","M33","Positive","5D","Ipsi",269,688.16,298.35
"1346","M33","Positive","5D","Ipsi",127,551.51,137.26
"1347","M33","Positive","5D","Ipsi",525,400.25,570.94
"1348","M33","Positive","5D","Ipsi",419,637.52,454.26
"1349","M33","Positive","5D","Ipsi",1043,2640.4,104.91
"1350","M33","Positive","5D","Ipsi",1325,2484.9,456.05
"1351","M33","Positive","5D","Ipsi",380,49.18,406.45
"1352","M33","Positive","5D","Ipsi",591,336.83,638.34
"1353","M33","Positive","5D","Ipsi",1398,3047,556.6
"1354","M33","Positive","5D","Ipsi",1471,3035.6,650.41
"1355","M33","Positive","5D","Ipsi",1064,3038.1,125.71
"1356","M33","Positive","5D","Ipsi",993,3080.8,57.37
"1357","M33","Positive","5D","Ipsi",566,758.67,605.66
"1358","M33","Negative","5D","Ipsi",1472,2961,652.26
"1359","M33","Positive","5D","Ipsi",1261,3046.9,375.29
"1360","M33","Positive","5D","Ipsi",1126,2533.4,185.53
"1361","M33","Positive","5D","Ipsi",231,648.47,254.95
"1362","M33","Positive","5D","Ipsi",1127,2960.9,186
"1363","M33","Positive","5D","Ipsi",1276,2884.7,392.52
"1364","M33","Positive","5D","Ipsi",1397,2924.4,556.4
"1365","M33","Negative","5D","Ipsi",863,1821.1,326.51
"1366","M33","Positive","5D","Ipsi",660,873.28,361.29
"1367","M33","Positive","5D","Ipsi",438,276.86,476.76
"1368","M33","Positive","5D","Ipsi",1189,2944.9,281.65
"1369","M33","Positive","5D","Ipsi",1404,2555.8,563.82
"1370","M33","Positive","5D","Ipsi",1429,3077.8,599.45
"1371","M33","Positive","5D","Ipsi",388,705.51,412.1
"1372","M33","Positive","5D","Ipsi",134,634.85,146.39
"1373","M33","Positive","5D","Ipsi",320,715.9,343.94
"1374","M33","Positive","5D","Ipsi",1223,3124.1,330.46
"1375","M33","Positive","5D","Ipsi",689,839.12,490.62
"1376","M33","Positive","5D","Ipsi",161,455.32,172.53
"1377","M33","Positive","5D","Ipsi",967,2578.6,28.49
"1378","M33","Positive","5D","Ipsi",511,320.58,553.64
"1379","M33","Positive","5D","Ipsi",966,2348.3,28.06
"1380","M33","Positive","5D","Ipsi",802,2115.1,155.55
"1381","M33","Positive","5D","Ipsi",348,4.36,383.1
"1382","M33","Positive","5D","Ipsi",878,2082.3,394.57
"1383","M33","Positive","5D","Ipsi",1221,2918.9,329.81
"1384","M33","Positive","5D","Ipsi",529,637.58,576.66
"1385","M33","Positive","5D","Ipsi",264,601.9,289.56
"1386","M33","Positive","5D","Ipsi",268,38.77,300.69
"1387","M33","Positive","5D","Ipsi",259,573.48,283.41
"1388","M33","Positive","5D","Ipsi",324,653.03,354.17
"1389","M33","Negative","5D","Ipsi",1450,2911.6,621.55
"1390","M33","Positive","5D","Ipsi",129,335.51,140.44
"1391","M33","Positive","5D","Ipsi",1183,3079.6,273.17
"1392","M33","Positive","5D","Ipsi",1351,3010.8,501.3
"1393","M33","Positive","5D","Ipsi",1093,2641.1,147.12
"1394","M33","Positive","5D","Ipsi",4,272.78,3.299
"1395","M33","Positive","5D","Ipsi",1068,3004.5,130.01
"1396","M33","Positive","5D","Ipsi",1029,3071.2,92.58
"1397","M33","Positive","5D","Ipsi",1444,3077.9,616.4
"1398","M33","Positive","5D","Ipsi",1417,3098.4,582.15
"1399","M33","Positive","5D","Ipsi",176,357.08,191.11
"1400","M33","Positive","5D","Ipsi",1291,3040.8,414.25
"1401","M33","Positive","5D","Ipsi",1209,2936.5,308.57
"1402","M33","Positive","5D","Ipsi",864,2132.5,330.24
"1403","M33","Positive","5D","Ipsi",355,303.88,386.26
"1404","M33","Positive","5D","Ipsi",1353,3075.6,502.95
"1405","M33","Positive","5D","Ipsi",435,142.72,471.91
"1406","M33","Positive","5D","Ipsi",914,2109.9,551.27
"1407","M33","Positive","5D","Ipsi",1284,2941.5,404.24
"1408","M33","Positive","5D","Ipsi",1071,3085.6,132.31
"1409","M33","Positive","5D","Ipsi",1314,3040.1,438.48
"1410","M33","Positive","5D","Ipsi",311,606.39,338.3
"1411","M33","Positive","5D","Ipsi",471,3.328,516.09
"1412","M33","Positive","5D","Ipsi",1232,3046.2,341.91
"1413","M33","Positive","5D","Ipsi",1280,3047.9,401
"1414","M33","Positive","5D","Ipsi",755,2081.4,56.04
"1415","M33","Positive","5D","Ipsi",442,148.22,481.12
"1416","M33","Positive","5D","Ipsi",447,404.41,485.19
"1417","M33","Positive","5D","Ipsi",437,521.48,473.39
"1418","M33","Positive","5D","Ipsi",1317,2992.2,446.93
"1419","M33","Positive","5D","Ipsi",1295,3111,420.53
"1420","M33","Positive","5D","Ipsi",1357,2958,508.1
"1421","M33","Positive","5D","Ipsi",1259,3056,370.8
"1422","M33","Positive","5D","Ipsi",798,2054,146.88
"1423","M33","Positive","5D","Ipsi",583,490.76,627.04
"1424","M33","Positive","5D","Ipsi",981,3093,48.37
"1425","M33","Positive","5D","Ipsi",1006,2957.5,71.36
"1426","M33","Positive","5D","Ipsi",559,324.88,597.74
"1427","M33","Positive","5D","Ipsi",390,282.47,413.91
"1428","M33","Negative","5D","Ipsi",1376,2947,531.69
"1429","M33","Positive","5D","Ipsi",1184,2499.7,273.93
"1430","M33","Positive","5D","Ipsi",595,521.36,639.28
"1431","M33","Positive","5D","Ipsi",117,302.52,122.75
"1432","M33","Positive","5D","Ipsi",293,618.7,317.6
"1433","M33","Positive","5D","Ipsi",836,1905.4,256.81
"1434","M33","Positive","5D","Ipsi",1365,3075.5,517.58
"1435","M33","Positive","5D","Ipsi",588,311.28,635.12
"1436","M33","Positive","5D","Ipsi",1129,3108.6,189.26
"1437","M33","Positive","5D","Ipsi",1464,2593.1,643.5
"1438","M33","Positive","5D","Ipsi",280,407.96,307.02
"1439","M33","Positive","5D","Ipsi",1362,3096.2,512.58
"1440","M33","Positive","5D","Ipsi",425,627.25,464.58
"1441","M33","Positive","5D","Ipsi",893,2287.6,465.96
"1442","M33","Positive","5D","Ipsi",915,2061,556.6
"1443","M33","Positive","5D","Ipsi",497,584.27,541.61
"1444","M33","Positive","5D","Ipsi",1468,2540.9,645.29
"1445","M33","Positive","5D","Ipsi",730,1671.9,3.179
"1446","M33","Positive","5D","Ipsi",1271,3120.9,386.95
"1447","M33","Positive","5D","Ipsi",1207,2813.2,303.12
"1448","M33","Positive","5D","Ipsi",920,2170,563.27
"1449","M33","Positive","5D","Ipsi",1346,2885.3,490.56
"1450","M33","Positive","5D","Ipsi",382,522.32,407.38
"1451","M33","Positive","5D","Ipsi",522,86.56,567.43
"1452","M33","Positive","5D","Ipsi",843,2141.1,272.16
"1453","M33","Positive","5D","Ipsi",413,742.28,443.95
"1454","M33","Positive","5D","Ipsi",853,2099.1,295.78
"1455","M33","Positive","5D","Ipsi",1142,3025.2,205.95
"1456","M33","Positive","5D","Ipsi",1477,3115.9,660.94
"1457","M33","Positive","5D","Ipsi",1442,2542.8,615.78
"1458","M33","Positive","5D","Ipsi",1225,2842.9,336.5
"1459","M33","Positive","5D","Ipsi",1219,2622.2,326.11
"1460","M33","Positive","5D","Ipsi",1058,3099.6,121.54
"1461","M33","Positive","5D","Ipsi",1063,2862.5,123.09
"1462","M33","Positive","5D","Ipsi",24,574.44,20.69
"1463","M33","Positive","5D","Ipsi",958,2983.6,16.95
"1464","M33","Positive","5D","Ipsi",1260,3087,370.63
"1465","M33","Positive","5D","Ipsi",1038,3109.8,100.56
"1466","M33","Positive","5D","Ipsi",68,542.6,72.24
"1467","M33","Positive","5D","Ipsi",223,132.71,247.68
"1468","M33","Positive","5D","Ipsi",611,573.14,653.24
"1469","M33","Positive","5D","Ipsi",702,833.31,550.67
"1470","M33","Positive","5D","Ipsi",290,514.22,314.24
"1471","M33","Positive","5D","Ipsi",590,301.05,637.68
"1472","M33","Negative","5D","Ipsi",1407,2545.9,567.06
"1473","M33","Positive","5D","Ipsi",1066,2763.1,127.81
"1474","M33","Positive","5D","Ipsi",1040,2783.4,100.79
"1475","M33","Positive","5D","Ipsi",428,605.07,465.81
"1476","M33","Positive","5D","Ipsi",5,373.53,2.934
"1477","M33","Negative","5D","Ipsi",1435,2366.5,606.29
